Vendor,Shipping,Tag,0-5kg,5.01-10kg,10.01-20kg
Ascot Saddlery,12,,,,
Ascot Saddlery,15,#HEAVY,,,
HORSE QUEENED,15,,,,
Tacklet,15,,,,
Shire Saddleworld,15,,,,
Paddock Blade,0,,,,
The Equestrian,0,,,,
The Equestrian,15,ponyjet,,,
JNK Collective,12,,,,
QJ Riding Wear,8,,,,
Runaway Equestrian Co.,18,,,,
Plum Tack,8,,,,
JP Equestrian Fashion,8,,,,
Ippico Equestrian,8,,,,
Top Brands,8,,,,
Little Equine Co,8,,,,
Helmet Brims,18,,,,
CAN Animal Care,20,,,,
Diamond Deluxe Horsewear,15,,,,
Hitchley & Harrow,8,,,,
Living Horse Tales Jewellery By Monika,8,,,,
EAC Animal Care,8,,,,
Dapple EQ,8,,,,
Thinline Global Australia,8,,,,
Trailrace Equestrian Outfitters,0,,,,