from,to
/collections/saddles,/horse/saddles
/collections/horse-rugs,/horse/rugs
/collections/footwear,/clothing/footwear
/collections/horse-boots,/horse/boots
/collections/horse-bandages,/horse/boots/bandages
/collections/horse-grooming-supplies,/horse/grooming
/collections/horse-health,/horse/veterinary
/collections/saddle-pads,/horse/pads
/collections/horse-riding-apparel,/clothing
/collections/horse-riding-helmets,/rider/helmets
/collections/horse-halters,/horse/halters
/collections/horse-toys,/horse/stable/treats
/collections/horse-jewellery,/rider/jewellery 
/collections/pets,/pet
/collections/horse-riding-accessories,/rider/accessories
/collections/feed,/horse/stable/feed
/collections/stable-and-yard,/horse/stable
/collections/clippers,/horse/stable/clippers
/collections/body-protectors,/rider/body-protectors
/collections/horse-bits,/horse/bits
/collections/luggage,/rider/luggage
/collections/horse-books,/accessories/books
/collections/eac-animal-care,/horse/veterinary
/collections/horseware-australia,/accessories/brands/horseware
/collections/can-animal-care,/brands/can-animal-care
/collections/helmet-brims,/rider/helmets
/collections/top-brands,/
/collections/farrier-tools,/horse/stable/farrier
/collections/plum-tack,/brands/plum-tack
/collections/breeches,/clothing/womens/breeches
/collections/westerns-saddles-usa,/horse/saddles/stock-western
/collections/hairy-pony,/brands/hairy-pony
/collections/weaver-leather,/horse/stable/leather-care
/collections/leather-brothers,/horse/stable/leather-care
/collections/qj-riding-wear,/brands/qj-riding-wear
/collections/accessories,/horse/rugs/accessories
/collections/birds,/pet/bird
/collections/stirrups,/horse/tack/stirrups
/collections/paddock-blade,/horse/stable/paddock
/collections/gifts,/accessories/gifts
/collections/horse-queened,/brands/horse-queened
/collections/horse-jewellery/bangles,/rider/jewellery/bracelets
/collections/horse-riding-apparel/number-holders,/horse/tack/number-holders
/collections/zilco/exercise,/horse/boots/exercise
/collections/wintec/jumping,/horse/boots/jumping
/collections/wintec/dressage,/horse/pads/dressage
/collections/kentucky/dressage,/brands/kentucky
/collections/dyon/bridles,/horse/tack/bridles
/collections/birds/poultry,/pet/poultry
/collections/birds/toys,hirt
/collections/ariat/hats,/clothing/accessories/hats
/collections/ariat/bags,/rider/luggage/bags
/collections/ariat/mens,/brands/ariat
/collections/ariat/stirrups-and-leathers,/horse/tack/stirrups
/collections/ariat/womens,/clothing/womens
/collections/ariat/jeans,/clothing/mens/jeans
/collections/horse-halters/rope,/horse/training/ropes
/collections/saddles/jumping,/horse/saddles/jumping
/collections/saddles/all-purpose,/horse/saddles/all-purpose
/collections/saddles/dressage,/horse/saddles/dressage
/collections/saddle-pads/jumping,/horse/pads/jumping
/collections/saddle-pads/all-purpose,/horse/saddles/all-purpose
/collections/saddle-pads/half-pad,/horse/pads/half-pads
/collections/saddle-pads/dressage,/horse/pads/dressage
/collections/saddle-pads/western,/horse/pads/western
/collections/pets/dog-treats,/pet/dog/treats
/collections/horse-bandages/dressage,/horse/boots/bandages
/collections/horse-rugs/hoods,/horse/rugs/hoods
/collections/horse-rugs/winter,/horse/rugs/winter
/collections/horse-rugs/summer,/horse/rugs/summer
/collections/horse-rugs/cotton,/horse/rugs/cotton
/collections/horse-rugs/stable,/horse/rugs
/collections/footwear/mens,/clothing/footwear/mens
/collections/footwear/stirrups-and-leathers,/horse/tack/stirrups
/collections/footwear/womens,/clothing/footwear/womens
/collections/horse-jewellery/pendants,/rider/jewellery/pendants
/collections/horse-jewellery/necklaces,/rider/jewellery/necklaces
/collections/horse-jewellery/earrings,/rider/jewellery/earrings
/collections/horse-jewellery/rings,/rider/jewellery/rings
/collections/horse-jewellery/bracelets,/rider/jewellery/bracelets
/collections/horse-health/wormers,/horse/stable/wormers
/collections/horse-health/toys,/horse/supplements
/collections/horse-health/hoof-care,/horse/stable/hoof-care
/collections/horse-grooming-supplies/brushes,/horse/grooming/brushes
/collections/horse-grooming-supplies/shampoo,/horse/grooming/shampoo
/collections/horse-boots/magnetic,/horse/boots/magnetic
/collections/horse-boots/jumping,/horse/boots/jumping
/collections/horse-boots/exercise,/horse/boots/exercise
/collections/horse-riding-apparel/gloves,/rider/gloves
/collections/horse-riding-apparel/mens-breeches,/clothing/mens/breeches
/collections/horse-riding-apparel/belts,/clothing/accessories/belts
/collections/horse-riding-apparel/socks,/clothing/accessories/socks
/collections/horse-riding-apparel/show-jackets,/clothing/kids/show-jackets
/collections/horse-riding-apparel/mens,/clothing/mens
/collections/horse-riding-apparel/womens,/clothing/womens
/collections/horse-riding-apparel/stock,/rider/accessories/stocks
/collections/horse-riding-apparel/riding-tights,/clothing/womens/tights
/collections/westerns-saddles-usa/jumping,/horse/saddles/jumping
/collections/westerns-saddles-usa/dressage,/horse/saddles/dressage
/collections/strapping/bridle,/horse/tack/bridles
/collections/strapping/bridles,/horse/tack/bridles
/collections/strapping/reins,/horse/tack/reins
/collections/black-friday-deals-for-equestrians/jumping,/horse/boots/jumping
