vendor_name,shipping_cost
Ascot Saddlery,12
Shire Saddleworld,15
HORSE QUEENED,15
Tacklet,15
Paddock Blade,0
The Equestrian,0
JNK Collective,0
QJ Riding Wear,0
Runaway Equestrian Co.,18
Plum Tack,0
JP Equestrian Fashion,8
Ippico Equestrian,8
Top Brands,8
Little Equine Co,0
Helmet Brims,18
CAN Animal Care,0
Diamond Deluxe Horsewear,15
Hitchley & Harrow,8
Living Horse Tails Jewellery By Monika,8
EAC Animal Care,8
Dapple Eq,8
Thinline Global Australia,8
Trailrace,0
Exclusively Equine,0
Toptac International,0
JnK Collective,0
Little Equine Co.,0
