trailrace_item_id,trailrace_title,trailrace_price_aud,trailrace_clicks,trailrace_impressions,trailrace_cost_aud,trailrace_conversion_value_aud,trailrace_roas,trailrace_paid_label
shopify_au_8108268159195_44328642248923,Samshield Chamonix Padded Vest,330.0,77,0.0,73.38,3044.95,41.5,tr_a
shopify_au_8869747884251_48034342011099,Trolle Light Tech Class Riding Jacket Terra Brown / 38,1100.0,28,0.0,46.09,2505.69,54.37,tr_a
shopify_au_8310105800923_45060362207451,Equipe Stirrup Leathers Brown / 145cm,249.95,8,484.0,3.46,2162.38,624.97,tr_a
shopify_au_4382042718266_31285821112378,Flexible Filly Muzzle Cob/Horse,139.95,173,0.0,143.95,2151.96,14.95,tr_a
shopify_au_8181876031707_44513156628699,Samshield Miss Shield 2.0 Helmet - Crystal Fabric Front Band,1544.0,12,0.0,15.15,1859.09,122.71,tr_a
shopify_au_490578182167_4030998478871,Stud Girth Base | Equipe Brown / 145cm,299.95,22,564.0,16.27,1589.23,97.68,tr_a
shopify_au_8840381497563_46645995864283,Samshield Victorine Premium - Tall - SS25 Cosmic Blue / 38,899.0,60,0.0,52.93,1414.79,26.73,tr_a
shopify_au_4547711172666_31952813654074,ThinLine Bareback Pad Black,359.95,21,0.0,28.84,1368.21,47.44,tr_a
shopify_au_8043199987931_44142823768283,Samshield Diane Breeches - Winter,415.0,143,0.0,105.28,1364.3,12.96,tr_a
shopify_au_8512864354523_46209434484955,KASK Star Lady Hunter - WG11 Black / 57cm-59cm,945.0,18,0.0,23.04,1327.99,57.64,tr_a
shopify_au_8890099728603_46794053910747,KASK Star Lady Pure Shine Swarovski Frame- WG11 Black / 57cm-59cm,1795.0,12,0.0,11.89,1289.19,108.43,tr_a
shopify_au_4382042718266_31285821079610,Flexible Filly Muzzle Mini/Pony,139.95,57,0.0,57.8,1282.14,22.18,tr_a
shopify_au_7994551369947_44018746949851,Samshield Crystal Flower Ladies Tails,1035.0,45,0.0,50.2,1259.3,25.09,tr_a
shopify_au_8181632991451_44512762069211,Samshield Miss Glossy 2.0 - Alcantara Top Navy / Medium,1299.0,8,868.0,7.53,1246.08,165.48,tr_a
shopify_au_9180905570523_48332645695707,Metalab Full Cheek Flexible 13cm,99.95,5,400.0,3.71,1225.2,330.24,tr_a
shopify_au_3962292371479_29502465343511,Ear Bonnet | Mattes Medium / Navy,99.95,13,0.0,14.51,1091.57,75.23,tr_a
shopify_au_7550333223131_42507524571355,KOOKI Lady Helmet - Matt Navy / 53cm-56cm,595.0,67,0.0,79.08,1089.45,13.78,tr_a
shopify_au_4382042718266_31285821145146,Flexible Filly Muzzle Draft/Over Size,139.95,31,0.0,40.81,1059.74,25.97,tr_a
shopify_au_460481396759_3703829757975,Helmet Liner | Samshield 55M,56.0,14,129.0,11.26,1041.41,92.49,tr_a
shopify_au_8098888646875_48064328630491,KASK Star Lady Pure Shine - WG11 Black / 57cm-59cm,1050.0,13,0.0,26.43,954.55,36.12,tr_a
shopify_au_9014731145435_47818121052379,Samshield Sierra Long Puffer Jacket - FW25 Black / Large,599.0,3,27.0,1.92,953.5,496.61,tr_a
shopify_au_8098888646875_48249382994139,KASK Star Lady Pure Shine - WG11 Black / 53cm-56cm,1050.0,34,0.0,25.36,945.0,37.26,tr_a
shopify_au_9287104856283_48590217609435,Samshield Victorine Crystal Fabric Comp Jacket - SS26 Black / 38,899.0,15,518.0,34.92,904.36,25.9,tr_a
shopify_au_7137451114684_45519008694491,Charles Owen Halo Matte MIPS - Clearance Black/Matt Black / Large,849.0,17,487.0,7.2,875.33,121.57,tr_a
shopify_au_8888707907803_46789965480155,KASK Star Lady Pure Shine - WG11 Swarovski Midnight Navy / 57cm-59cm,2150.0,18,0.0,13.64,818.38,60.0,tr_a
shopify_au_7894821175515_43679767560411,Samshield Lisa Pull Over Navy / Large,189.0,11,295.0,4.54,789.21,173.83,tr_a
shopify_au_9343196070107_48760594596059,Samshield Miss Glossy 2.0 Flower Jewellery Navy / Medium,1665.0,36,0.0,31.65,686.14,21.68,tr_a
shopify_au_8756315128027_47869580837083,Samshield Miss Shield 2.0 Dark Line - Alcantara Top Black / Small,1298.0,5,765.0,21.86,677.03,30.97,tr_a
shopify_au_4381722378298_31284883554362,Trifecta Cotton Half Pad | ThinLine Black / Medium,359.95,15,916.0,18.83,640.77,34.03,tr_a
shopify_au_8737197392091_46241040335067,KASK Riders Backpack - Vertigo Navy,270.0,19,397.0,19.91,599.98,30.13,tr_a
shopify_au_8148605370587_44826971832539,Samshield Shadowmatt 2.0 Helmet Navy / Large,799.0,8,757.0,9.24,585.62,63.38,tr_a
shopify_au_490575855639_4030951850007,Emporio Breast Plate | Equipe Brown / Full,149.95,13,959.0,10.86,554.45,51.05,tr_a
shopify_au_7530503504091_47949967392987,KOOKI Helmet - Shine Black / 57cm-59cm,595.0,12,516.0,20.52,527.42,25.7,tr_a
shopify_au_4547736862778_31953259003962,ThinLine Pro Tech Premium Felt Western Pad,669.95,7,814.0,24.22,518.14,21.39,tr_a
shopify_au_7137451114684_43675077214427,Charles Owen Halo Matte MIPS - Clearance Black/Matt Black / Small,849.0,32,0.0,17.24,511.0,29.64,tr_a
shopify_au_8872789639387_46741760606427,Trolle Athletic Breeches - Knee Grip Sand / 38,549.95,7,509.0,17.06,501.03,29.37,tr_a
shopify_au_7130655981756_40821079244988,Equipe Viktoria Mono Dressage Saddle Black / 17N / M,9495.0,17,0.0,24.86,481.6,19.37,tr_a
shopify_au_8942858141915_47264779600091,Charles Owen Eclipse Back Protector Medium,325.0,34,0.0,22.95,475.06,20.7,tr_a
shopify_au_8322069364955_45112081088731,Samshield Victorine Crystal Fabric Tall - SS24 Navy / 38,799.0,49,0.0,29.44,457.36,15.54,tr_a
shopify_au_4404735344698_45609455583451,Equipe Safety Stirrup Irons Black,489.95,9,0.0,4.33,434.36,100.31,tr_a
shopify_au_7096100585660_40704999129276,V22 High Fetlock Boots | Lami-Cell Black / Large,131.95,8,358.0,4.59,428.63,93.38,tr_a
shopify_au_490580115479_4031046287383,Equipe Leather Martingale BP03 Brown / Full,169.95,3,149.0,3.36,426.26,126.86,tr_a
shopify_au_7127981424828_40814709375164,Equipe Olympia Mono Dressage Saddle Black / 17.5N / +1,6995.0,26,0.0,3.56,426.26,119.74,tr_a
shopify_au_490570645527_4030848335895,Draw Reins | Equipe Black / Full,169.95,15,515.0,7.92,414.41,52.32,tr_a
shopify_au_8659517571291_48014738686171,KASK Dogma Pure Shine - WG11 Black / 53cm-56cm,995.0,3,424.0,13.19,409.19,31.02,tr_a
shopify_au_6577470734524_39379762806972,ThinLine Western Cotton Liner Pad Large,379.95,22,925.0,30.17,379.95,12.59,tr_a
shopify_au_4111737356311_30180039491607,"Rip Protector Canvas Rug 6'3""",159.95,9,539.0,4.05,373.15,92.14,tr_a
shopify_au_7868428353755_43522093809883,Kentucky Horsewear Glitter Rope Saddle Pad - Jumping Black,199.95,20,974.0,13.35,373.02,27.94,tr_a
shopify_au_4382020730938_31285731065914,Trifecta Sheepskin Comfort Half Pad | Thinline Natural / Medium,426.95,12,0.0,21.74,351.73,16.18,tr_a
shopify_au_6225795416252_37924558864572,Metalab SS Rubber Spur - Soft Touch 20mm Large,109.95,9,611.0,7.82,346.07,44.25,tr_a
shopify_au_9284838457563_48580236706011,Samshield Miss Shield 2.0 - Celestial Front Band Navy / Medium,1198.0,8,911.0,5.93,343.08,57.85,tr_a
shopify_au_8756334035163_48301225607387,Samshield Miss Glossy 2.0 - Night Pearl Black / Small,1576.0,12,0.0,15.26,343.07,22.48,tr_a
shopify_au_490568712215_4030838734871,Breast Plate | Equipe Black / Full,399.95,6,274.0,4.46,332.09,74.46,tr_a
shopify_au_8840181612763_46645487337691,Samshield Marceau Men's Full Grip Breeches - SS25 White / 38,399.0,3,56.0,14.59,326.36,22.37,tr_a
shopify_au_8312182309083_45067612553435,Samshield Miss Shield 2.0 Helmet - Dark Line Navy / Medium,899.0,15,0.0,13.02,318.14,24.43,tr_a
shopify_au_8255463555291_44826946011355,Kentucky Horsewear Sheepskin Girth - Brown Fleece 130cm,209.95,6,157.0,2.75,314.92,114.52,tr_a
shopify_au_9403061043419_48978231296219,"Mattes Square Dressage Sheen - White, White Braid Large Mattes / Medium",189.0,8,0.0,15.07,313.11,20.78,tr_a
shopify_au_4499077038138_31783225950266,Equipe Close Contact Mono Jump Stirrup Leathers Black / XL,269.95,8,396.0,4.47,302.73,67.72,tr_a
shopify_au_1334855172119_12248927502359,Equipe Care Kit,74.95,10,126.0,2.75,298.29,108.47,tr_a
shopify_au_9336430231771_48744839905499,"Zilco Mighty Mini 200 Combo 3'0""",89.95,7,382.0,3.11,297.99,95.82,tr_a
shopify_au_7880045134043_43583304827099,Samshield Bonita Windy Sweat Shirt Black / Medium,280.0,3,369.0,4.92,288.6,58.66,tr_a
shopify_au_7862115696859_43498654695643,Zilco Barcoo Bridle - SFL Black / Cob,82.95,3,239.0,1.6,288.0,180.0,tr_a
shopify_au_7439043133659_47489676214491,Samshield Everest Long Down Jacket Black / Medium,449.95,21,0.0,21.1,286.32,13.57,tr_a
shopify_au_7166242160828_44408176541915,Blue Training Snaffle Fine 12.5cm,59.95,4,592.0,3.43,281.89,82.18,tr_a
shopify_au_4382050058298_31679225659450,Western Pro-Tech Felt Pad- Square | ThinLine Round Skirt,479.95,5,758.0,10.16,272.73,26.84,tr_a
shopify_au_7969492435163_43959190585563,Kentucky Horsewear Wellington Ear Bonnet - Velvet Contrast Bordeaux,119.95,5,890.0,3.87,259.0,66.93,tr_a
shopify_au_7137451114684_44450842476763,Charles Owen Halo Matte MIPS - Clearance Black/Gloss Black / Medium,849.0,15,398.0,9.22,254.5,27.6,tr_a
shopify_au_8322069364955_45112081154267,Samshield Victorine Crystal Fabric Tall - SS24 Navy / 42,799.0,15,689.0,10.18,254.45,25.0,tr_a
shopify_au_8840381497563_46645995700443,Samshield Victorine Premium - Tall - SS25 Cosmic Blue / 32,899.0,15,596.0,10.54,254.09,24.11,tr_a
shopify_au_8177456414939_44504335909083,Charles Owen Luna Wide Brim - Round Black/Matt Ring / Medium 56cm-58cm,519.0,24,0.0,20.1,251.51,12.51,tr_a
shopify_au_9287113965787_48729272549595,Samshield Miss Glossy 2.0 - Celestial Crystal Navy / Medium,1665.0,2,496.0,1.78,1721.0,966.85,tr_b
shopify_au_4355585671226_31213118488634,Show Jump Saddle Pad | Mattes Medium / Taupe,115.95,119,0.0,87.56,909.58,10.39,tr_b
shopify_au_9014731735259_47818123870427,Samshield Victorine Premium Riding Jacket - FW25 Hunter Green / 38,940.0,2,325.0,2.3,853.19,370.95,tr_b
shopify_au_9287104266459_48590213808347,Samshield Evelya Zip Traning Top - SS26 Navy / Small,225.0,2,26.0,1.64,652.62,397.94,tr_b
shopify_au_7980947669211_43985347412187,Kentucky Horsewear Chestnut Backpack Black,269.95,2,236.0,4.14,599.97,144.92,tr_b
shopify_au_8888707907803_46790053462235,KASK Star Lady Pure Shine - WG11 Swarovski Midnight Black/Volcano / 57cm-59cm,2150.0,47,0.0,46.91,572.64,12.21,tr_b
shopify_au_8643136585947_45890951643355,Mattes Eurofit Dressage Velvet - Full Fleece - Cornet Blue Large,399.0,46,0.0,48.05,461.59,9.61,tr_b
shopify_au_7868427174107_43522088403163,Kentucky Horsewear Velvet Saddle Pad - Jumping Old Rose,189.95,39,0.0,37.68,378.95,10.06,tr_b
shopify_au_8310105800923_45060361617627,Equipe Stirrup Leathers Black / 145cm,249.95,7,196.0,5.84,249.95,42.8,tr_b
shopify_au_490572578839_4030888214551,Equipe Elastic Grackle Bridle Black / Full,299.95,5,346.0,2.03,239.5,117.98,tr_b
shopify_au_8685853999323_46031053095131,Samshield Lara Training Polo- FW24 Navy / Extra Large,255.0,8,659.0,6.2,236.76,38.19,tr_b
shopify_au_4540010627130_31901833297978,Equipe Half Rubber Grip Reins with Notches RE20 Brown / Full,179.95,2,75.0,8.11,236.32,29.14,tr_b
shopify_au_7127033446588_40812976472252,Equipe Emporio Mono Dressage Saddle Black / 16N / +1,5495.0,33,0.0,6.44,236.32,36.7,tr_b
shopify_au_650309697559_7421904355351,Correction System | Mattes Dressage / Large,34.95,4,766.0,4.35,228.41,52.51,tr_b
shopify_au_7551191908571_42510869299419,Spurs Solid Roller Ball - One size,54.95,8,450.0,6.43,220.17,34.24,tr_b
shopify_au_493046169623_4072979070999,Equipe Soft Clean,29.95,6,148.0,3.41,219.9,64.49,tr_b
shopify_au_6225795547324_37924559618236,Metalab SS Rubber Spur - Round Head Neck 15mm / Medium,109.95,7,304.0,4.37,215.93,49.41,tr_b
shopify_au_4558128480314_32016772137018,Oregon Draw Reins,115.95,11,721.0,13.11,207.83,15.85,tr_b
shopify_au_8946427920603_47290586988763,Samshield Miss Glossy 2.0 - Glacier Navy / Medium,1899.0,12,0.0,12.71,207.65,16.34,tr_b
shopify_au_7207088390332_41033680781500,Fleece Girth | Zilco 60cm,129.95,4,189.0,2.15,206.9,96.23,tr_b
shopify_au_9403061305563_48978232082651,"Mattes Square Sheen Dressage - White, Titan/White Braid Large Medium",189.0,7,0.0,7.63,200.0,26.21,tr_b
shopify_au_7720906621147_42942627250395,ThinLine Perfect Fit Pad – English Black / Small,239.95,5,778.0,2.75,199.95,72.71,tr_b
shopify_au_8255463555291_44826946044123,Kentucky Horsewear Sheepskin Girth - Brown Fleece 135cm,209.95,17,715.0,8.41,199.95,23.78,tr_b
shopify_au_8312184996059_45067643453659,Samshield Shadowmatt 2.0 Helmet - Dark Line Black / Medium,799.0,2,94.0,1.54,195.33,126.84,tr_b
shopify_au_7096100585660_40704999162044,V22 High Fetlock Boots | Lami-Cell Black / Medium,131.95,5,270.0,3.75,190.46,50.79,tr_b
shopify_au_6683987771580_39684490166460,Samshield Edouard Men's Breeches Asfalto / 42,415.0,8,547.0,13.32,186.06,13.97,tr_b
shopify_au_7137451114684_40843162026172,Charles Owen Halo Matte MIPS - Clearance Black/Rose Gold / Small,849.0,16,0.0,13.71,185.91,13.56,tr_b
shopify_au_8108268454107_44886316450011,Samshield Clara Full Grip Breeches Chocolate / 40,510.0,17,781.0,14.64,185.02,12.64,tr_b
shopify_au_8322066514139_45112068931803,Samshield Premium Ladies Tails - SS24 Navy / 38,1155.0,10,407.0,7.63,183.65,24.07,tr_b
shopify_au_9014731178203_47818121511131,Samshield Premium Tails - FW25 Navy Cosmic Nights / 38,1199.0,5,281.0,9.14,183.65,20.09,tr_b
shopify_au_9014731178203_47818121543899,Samshield Premium Tails - FW25 Navy Cosmic Nights / 40,1199.0,6,272.0,4.2,183.65,43.73,tr_b
shopify_au_7861313470683_43494194249947,Kentucky Horsewear Moonboots Air X Elastic Black / Medium,289.95,5,168.0,4.16,181.34,43.59,tr_b
shopify_au_7894801973467_43679678464219,Samshield Alpha Knee Grip Winter Breeches Black / 38,400.0,4,271.0,3.18,180.19,56.66,tr_b
shopify_au_8840303575259_46645894447323,Samshield Chloe Crystal Breeches - SS25 Black / 38,399.0,21,681.0,15.93,175.36,11.01,tr_b
shopify_au_6225795481788_37924559585468,Metalab SS Rubber Spur - POW 20mm Medium,109.95,2,262.0,13.11,172.6,13.17,tr_b
shopify_au_9287285604571_48591049031899,Samshield Spineshield Embroidery Saddle Pad - Jump Blue,299.0,8,505.0,9.48,169.1,17.84,tr_b
shopify_au_7551193678043_42510877294811,Dressage Spur With Disc Rowel Ladies,57.95,17,895.0,9.39,169.0,18.0,tr_b
shopify_au_7999489048795_44025142149339,Samshield Jully Flower Jewellery Breeches Forest Green / 38,515.0,3,24.0,3.12,167.5,53.69,tr_b
shopify_au_9287241302235_48590968848603,Samshield Davos Puffer Jacket - SS26 Granit / Small,399.0,2,91.0,6.74,163.23,24.22,tr_b
shopify_au_7153436557500_40887912497340,"ThinLine Short Girth Black / 32""",179.95,9,691.0,3.75,162.14,43.24,tr_b
shopify_au_4381716217914_31284873953338,Trifecta Cotton Half Pad | ThinLine Black / Medium,309.95,9,938.0,17.03,161.76,9.5,tr_b
shopify_au_6122301522108_44273642995931,ThinLine Trim To Fit Shims - English Pads 7024 Trifecta Comfort / Large / Thinline,69.95,15,945.0,8.97,161.76,18.03,tr_b
shopify_au_4502045392954_31792090218554,Race Bridle - Stainless Fittings Red/White,60.95,7,326.0,8.4,159.04,18.93,tr_b
shopify_au_7551203639515_42510912815323,Race Bridle - Black Trim White/Black,69.95,2,131.0,1.64,159.04,96.98,tr_b
shopify_au_7991724212443_44007638335707,Samshield Sixtine Competition Shirt Anthracite Glitter / Large,205.0,4,222.0,3.49,159.04,45.57,tr_b
shopify_au_490572677143_4030888542231,Martingale | Equipe Black / Full,149.95,6,456.0,10.9,157.22,14.42,tr_b
shopify_au_9287104823515_48590217150683,Samshield Premium Stock Rain - SS26 Cosmic Nights / Small,189.0,8,440.0,9.03,153.64,17.01,tr_b
shopify_au_8066587853019_44205922123995,"Kentucky Horsewear 3D Spacer Cooler Sheet Navy / 5'9""",279.95,8,548.0,7.22,153.51,21.26,tr_b
shopify_au_4540611887162_31906949824570,Woof Wear Mud Fever Boots Medium,149.95,6,268.0,5.98,149.95,25.08,tr_b
shopify_au_4540611887162_31906949857338,Woof Wear Mud Fever Boots Large,149.95,25,686.0,17.07,149.95,8.78,tr_b
shopify_au_9287104856283_48590217576667,Samshield Victorine Crystal Fabric Comp Jacket - SS26 Black / 36,899.0,2,67.0,2.64,149.5,56.63,tr_b
shopify_au_7991724343515_44007639482587,Samshield Alpha Knee Grip Breeches Stone Grey / 32,429.0,3,171.0,2.02,135.67,67.16,tr_b
shopify_au_9287241302235_48590968553691,Samshield Davos Puffer Jacket - SS26 Navy / Medium,399.0,7,455.0,8.38,135.67,16.19,tr_b
shopify_au_8760487084251_46353450369243,Leovet Ultimate Silkcare Pack,54.95,6,117.0,4.77,133.9,28.07,tr_b
shopify_au_7106678751420_40740742201532,Lami-Cell V22 Open Hind Boots Black / Large,131.95,4,111.0,3.47,132.44,38.17,tr_b
shopify_au_4540607889466_31906930393146,Epsom Deluxe PN Halter Cob,144.95,6,960.0,9.46,129.9,13.73,tr_b
shopify_au_8255463555291_44826946076891,Kentucky Horsewear Sheepskin Girth - Brown Fleece 140cm,209.95,2,20.0,1.82,129.9,71.37,tr_b
shopify_au_6122325311676_37652685947068,Busy Buddy | Thinline Halter,46.95,27,0.0,14.46,123.49,8.54,tr_b
shopify_au_493033521175_4072935030807,Bridle | Equipe Brown / Cob,459.95,6,972.0,14.89,122.68,8.24,tr_b
shopify_au_9032911454427_47919112650971,Samshield FlyShield Swarovski Ear Bonnet Blue,165.0,3,219.0,10.34,122.66,11.86,tr_b
shopify_au_8685803274459_46030876672219,"Oregon Felt Pad 32"" x 30"" Red",129.95,3,317.0,1.83,118.14,64.56,tr_b
shopify_au_8322064253147_45112061493467,Samshield Claranova Full Grip Breeches - SS24 Dark Forrest / 40,535.0,8,447.0,4.05,113.15,27.94,tr_b
shopify_au_7102430707900_40724712325308,Thinline Breakaway Halter Head Piece Pony/Cob,24.95,10,507.0,3.46,111.77,32.3,tr_b
shopify_au_7550333223131_42507524440283,KOOKI Lady Helmet - Matt Black / 53cm-56cm,595.0,5,526.0,3.33,108.18,32.49,tr_b
shopify_au_7055160836284_40594955501756,Equipe Martingale with Bib BP09 Black / Cob,269.95,4,271.0,11.71,101.67,8.68,tr_b
shopify_au_490578018327_4030994022423,Gag Cheeks | Equipe Brown / Cob,69.95,3,351.0,2.25,100.98,44.88,tr_b
shopify_au_4355585671226_31213118423098,Show Jump Saddle Pad | Mattes Medium / Blackberry,115.95,608,0.0,422.76,1553.32,3.67,tr_c
shopify_au_7910316966107_43775457558747,Charles Owen This Esme Luna Helmet | Black | Size Medium | Trailrace,559.0,194,0.0,124.98,671.0,5.37,tr_c
shopify_au_1461330804759_12782106607639,Correction Half Pad | Mattes 02-Black / Large,199.0,114,0.0,130.1,656.49,5.05,tr_c
shopify_au_8148606320859_44427487314139,Samshield Premium Shadowmatt 2.0 helmet,1150.0,159,0.0,98.02,642.97,6.56,tr_c
shopify_au_7602761924827_42680318886107,Charles Owen Hampton Hat Navy / 59cm,539.0,142,0.0,91.95,469.51,5.11,tr_c
shopify_au_8873083470043_46742895198427,Trolle Wave Tech Jersey Saddle Pad - Jumping Navy / Full,329.95,1,144.0,27.98,468.65,16.75,tr_c
shopify_au_9456008298715_49175807852763,Samshield Victorine Tails Crystal Fabric Black 44 Black / 38,990.0,1,87.0,0.33,450.0,1363.64,tr_c
shopify_au_8861113942235_48336635298011,KASK Star Lady Pure Shine - WG11 Swarovski Carpet Black / 53cm-56cm,1595.0,36,0.0,51.97,409.19,7.87,tr_c
shopify_au_8878736474331_46765872185563,Samshield Miss Glossy 2.0 - Crystal Bloom Black / Large,1498.0,74,0.0,64.35,362.02,5.63,tr_c
shopify_au_8304580034779_45030340002011,Lami-Cell Titanium Hood with Ears Large,139.95,38,0.0,59.11,300.73,5.09,tr_c
shopify_au_7999489147099_44025142870235,Samshield Come Men's Competition Shirt White / Small,295.0,1,18.0,0.46,289.9,630.22,tr_c
shopify_au_6819507536060_39989363507388,Pro Ice Boots | Lami-Cell | Trailrace,181.95,29,0.0,35.65,255.24,7.16,tr_c
shopify_au_650309697559_7421904453655,Correction System | Mattes Show Jumping / Medium,34.95,40,0.0,37.66,246.76,6.55,tr_c
shopify_au_6122325311676_37652685914300,Busy Buddy | Thinline Bridle,41.95,43,0.0,34.83,224.8,6.45,tr_c
shopify_au_8512864354523_45592439062747,KASK Star Lady Hunter - WG11 Black / 53cm-56cm,945.0,60,0.0,59.39,211.67,3.56,tr_c
shopify_au_8482555363547_45499466875099,EQx Kylo with MIPS - Wide Peak Navy / Small,359.0,139,0.0,83.91,195.63,2.33,tr_c
shopify_au_9163131224283_48273202905307,Mattes Eurofit Dressage Sheen - Graphite - Crystal Braid,219.0,17,0.0,29.19,174.9,5.99,tr_c
shopify_au_9014731735259_47818123477211,Samshield Victorine Premium Riding Jacket - FW25 Black/Cosmic Nights / 34,940.0,47,0.0,52.61,149.97,2.85,tr_c
shopify_au_8888707907803_47893015232731,KASK Star Lady Pure Shine - WG11 Swarovski Midnight Atlantic Blue/Abisso / 57cm-59cm,2150.0,26,0.0,17.46,136.95,7.84,tr_c
shopify_au_7865001083099_43510148628699,Kentucky Horsewear Moonboots Air Elastic Black / Medium,269.95,5,170.0,39.58,135.63,3.43,tr_c
shopify_au_8304580034779_45030339969243,Lami-Cell Titanium Hood with Ears Medium,139.95,38,0.0,42.76,134.64,3.15,tr_c
shopify_au_7894803054811_43679683281115,Samshield Clara High Waist Full Grip Breeches FW22 Chocolate / 40,460.0,43,0.0,53.53,126.84,2.37,tr_c
shopify_au_9032911454427_47919112683739,Samshield FlyShield Swarovski Ear Bonnet Black,165.0,20,0.0,32.28,122.66,3.8,tr_c
shopify_au_8455006355675_45437488660699,Dy'on Hackamore Protection Black,99.95,1,96.0,0.78,115.9,148.59,tr_c
shopify_au_8840381497563_46645995962587,Samshield Victorine Premium - Tall - SS25 Navy / 32,899.0,15,0.0,25.99,105.18,4.05,tr_c
shopify_au_490578018327_4030993989655,Gag Cheeks | Equipe Black / Cob,69.95,13,629.0,14.96,100.98,6.75,tr_c
shopify_au_8951723524315_47353075794139,Lead PN With Brass Chain,109.95,5,228.0,6.23,99.95,16.04,tr_c
shopify_au_7584615760091_42614205776091,Dressage Saddlecloth | Aubenhausen,249.95,4,440.0,2.31,98.66,42.71,tr_c
shopify_au_8700209823963_46075219869915,Lami-Cell All-In-One Half Pad,169.95,16,0.0,10.13,94.86,9.36,tr_c
shopify_au_8304573120731_45030180585691,Lami-Cell Titanium Hood Medium,109.95,7,973.0,10.19,93.87,9.21,tr_c
shopify_au_490565926935_4030769528855,Stud Girth | Equipe Brown / 130cm,499.95,15,578.0,16.27,90.52,5.56,tr_c
shopify_au_7865001083099_43510148661467,Kentucky Horsewear Moonboots Air Elastic Brown / Medium,269.95,2,133.0,2.86,86.88,30.38,tr_c
shopify_au_490573070359_4030900174871,Emporio Martingale | Equipe Black / Full,109.95,9,481.0,4.68,85.0,18.16,tr_c
shopify_au_6684054028476_39684668063932,Samshield Evy Long Sleeve Training Shirt,189.95,3,177.0,1.9,83.33,43.86,tr_c
shopify_au_3962292371479_29502465376279,Ear Bonnet | Mattes Medium / Graphite,99.95,7,0.0,5.56,82.65,14.87,tr_c
shopify_au_8459589910747_45445500535003,Zilco Woolguard Combo 6'0,199.95,4,233.0,6.77,81.61,12.05,tr_c
shopify_au_9403061043419_48978231328987,"Mattes Square Dressage Sheen - White, White Braid Large Mattes / Large",189.0,2,587.0,2.75,77.18,28.07,tr_c
shopify_au_629844738071_7313503223831,Emporio Convertible Hanovarian Bridle | Equipe Brown / Cob,169.95,37,0.0,26.59,74.86,2.82,tr_c
shopify_au_7153436524732_43547520172251,Seat Saver | ThinLine Dressage / Black,81.95,24,844.0,18.37,73.05,3.98,tr_c
shopify_au_7153436524732_43547520205019,Seat Saver | ThinLine Western / Black,81.95,5,518.0,5.98,73.05,12.22,tr_c
shopify_au_8314361774299_45083032322267,Samshield Shadow Glossy 2.0 Helmet Navy / Medium,799.0,7,720.0,5.09,71.98,14.14,tr_c
shopify_au_490578673687_4031008210967,Girth | Equipe Black / 75cm,399.95,12,0.0,14.41,71.53,4.96,tr_c
shopify_au_4525281050682_31854621196346,Kentucky Horsewear Leather Overreach Boots Black / Large,79.95,2,48.0,1.49,71.23,47.81,tr_c
shopify_au_6122301522108_44273643028699,ThinLine Trim To Fit Shims - English Pads 7306 Trifecta Cotton Pad / Large / Thinline,69.95,12,466.0,5.47,69.95,12.79,tr_c
shopify_au_7102430707900_40724712358076,Thinline Breakaway Halter Head Piece Full/Extra Full,24.95,25,911.0,10.16,69.34,6.82,tr_c
shopify_au_6668118950076_39633878253756,Kentucky Horsewear Dog Rain Coat Dusty Blue / Small,94.95,4,65.0,4.88,69.25,14.19,tr_c
shopify_au_6668118950076_39633878319292,Kentucky Horsewear Dog Rain Coat Dusty Blue / Large,109.95,6,168.0,2.03,69.25,34.11,tr_c
shopify_au_4499079659578_31783230701626,Equipe Safety Iron - Rubber Only Green,69.95,2,89.0,0.77,67.23,87.31,tr_c
shopify_au_8255463555291_44826945945819,Kentucky Horsewear Sheepskin Girth - Brown Fleece 120cm,209.95,10,399.0,13.33,67.23,5.04,tr_c
shopify_au_490580574231_4031058477079,Stirrup Leathers | Equipe Brown / 145cm,219.95,1,135.0,8.02,67.02,8.36,tr_c
shopify_au_8003362881755_44037409243355,Blocker Tie Ring MK2,79.95,5,508.0,9.31,65.42,7.03,tr_c
shopify_au_490570645527_4030848270359,Draw Reins | Equipe Brown / Cob,169.95,18,543.0,12.84,64.93,5.06,tr_c
shopify_au_7551164842203_42510740193499,Bevel Training Bit 10cm,70.95,9,0.0,5.16,64.5,12.5,tr_c
shopify_au_4525274791994_31854607171642,Kentucky Horsewear Half Pad Intelligent Absorb - Thick Navy,359.95,7,478.0,2.82,63.73,22.6,tr_c
shopify_au_9287103906011_48590210629851,Samshield Alta Badia Puffer Vest - SS26 Black / Small,345.0,4,159.0,1.88,63.23,33.63,tr_c
shopify_au_9287103906011_48590210760923,Samshield Alta Badia Puffer Vest - SS26 Navy / Small,345.0,1,106.0,0.8,63.23,79.04,tr_c
shopify_au_9287241302235_48590968389851,Samshield Davos Puffer Jacket - SS26 Black / Small,399.0,6,169.0,3.07,63.23,20.6,tr_c
shopify_au_8108267012315_44328638644443,Samshield Billie Bomber Jacket Navy / Extra Large,420.0,14,0.0,16.39,62.93,3.84,tr_c
shopify_au_9287241302235_48590968324315,Samshield Davos Puffer Jacket - SS26 Black / Large,399.0,4,95.0,13.88,62.43,4.5,tr_c
shopify_au_7770665255131_43110692028635,Detangler with Camomile | Leovet,34.95,1,108.0,0.18,62.09,344.94,tr_c
shopify_au_490570940439_4030856298519,Drop Nose Band | Equipe Red Brown / Full,109.95,3,175.0,1.18,61.96,52.51,tr_c
shopify_au_493037223959_4072949579799,Bridle | Equipe Brown / Full,399.95,2,321.0,1.22,61.34,50.28,tr_c
shopify_au_7685777817819_42863073493211,Samshield V-Skin Hunter Gloves Black / 9,59.0,5,161.0,2.41,59.0,24.48,tr_c
shopify_au_7092595130556_45978249199835,Equipe Emporio Jump Saddle Brown / 17N / M,3995.0,23,0.0,9.94,56.79,5.71,tr_c
shopify_au_8787304448219_46443156472027,Woof Wear Club Brushing Boots Black / Medium,54.95,6,173.0,9.94,54.95,5.53,tr_c
shopify_au_9286210257115_48585836331227,Samshield Men's Knitted Tie - SS26,59.0,6,144.0,8.49,53.1,6.25,tr_c
shopify_au_4459052630074_31564933791802,Eggbutt Snaffle French Mouth Full,59.95,2,429.0,1.08,53.05,49.12,tr_c
shopify_au_4459046142010_31564913573946,Dee Bit Stainles Steel Rubber,54.95,1,408.0,0.43,52.25,121.51,tr_c
shopify_au_4476276310074_31654174195770,KK Training Bit - Fine Mouth Full,57.95,21,0.0,9.61,52.25,5.44,tr_c
shopify_au_4540589113402_31906896576570,"""S"" Hackamore - Stainless Steel",84.95,7,753.0,11.78,51.49,4.37,tr_c
shopify_au_4539279867962_31896124293178,Thinline Halter Padding Cob,49.95,6,361.0,4.95,49.5,10.0,tr_c
shopify_au_8861113942235_48336635265243,KASK Star Lady Pure Shine - WG11 Swarovski Carpet Black / 57cm-59cm,1595.0,13,0.0,11.74,49.28,4.2,tr_c
shopify_au_6612240269500_39465795780796,Quilted Leg Wraps | Zilco Small,24.95,5,188.0,7.79,48.93,6.28,tr_c
shopify_au_4111747579927_30180070948887,Brushing Boots | Woof Wear Berry / Medium,54.95,1,106.0,1.93,47.88,24.81,tr_c
shopify_au_490575495191_4030943723543,Emporio Reins | Equipe Brown / Pony,84.95,4,207.0,6.05,47.8,7.9,tr_c
shopify_au_6603295654076_44802041708763,Thinline Trim To Fit Shims - Western Thinline (3/16) 4.8mm / 3381 Woven Wool Western SQ-30x30,69.95,3,25.0,1.15,46.61,40.53,tr_c
shopify_au_7551192957147_42510874116315,Dressage Spurs with Heavy Rowel Ladies,65.95,15,865.0,7.99,44.68,5.59,tr_c
shopify_au_7106678751420_40740742234300,Lami-Cell V22 Open Hind Boots Brown / Medium,131.95,2,160.0,2.56,43.44,16.97,tr_c
shopify_au_8065550024923_44204102320347,Kentucky Horsewear Deep Fetlock Boot Black / Medium,189.95,1,260.0,2.77,43.44,15.68,tr_c
shopify_au_7894818390235_43679757893851,Samshield Evy Glossy Long Sleeve Base Layer Stone Grey / Extra Large,229.0,2,36.0,1.05,41.67,39.69,tr_c
shopify_au_4540010627130_31901833199674,Equipe Half Rubber Grip Reins with Notches RE20 Black / Cob,179.95,1,108.0,0.2,40.89,204.45,tr_c
shopify_au_493038469143_4072952266775,Equipe Rubber Grip Reins RE17 Black / Full,159.95,1,91.0,0.35,40.89,116.83,tr_c
shopify_au_490562945047_4030715133975,Equipe Soft Grease,39.95,5,163.0,2.27,39.95,17.6,tr_c
shopify_au_7127033446588_40812977062076,Equipe Emporio Mono Dressage Saddle Black / 17.5N / +1,5495.0,12,646.0,4.54,39.24,8.64,tr_c
shopify_au_9011641975003_47719666188507,Trolle Cashmere & Wool Star Logo Sweater Terra / Medium,450.0,5,920.0,15.16,37.96,2.5,tr_c
shopify_au_8304588194011_45030560760027,Deluxe Fleece Bareback Saddle,299.95,51,0.0,44.41,36.34,0.82,tr_c
shopify_au_8685849608411_46031027044571,Samshield Chloe Crystal Breeches - FW24 White / 42,399.0,3,164.0,3.74,36.23,9.69,tr_c
shopify_au_8148605370587_44427484102875,Samshield Shadowmatt 2.0 Helmet Navy / Medium,799.0,12,0.0,11.82,35.84,3.03,tr_c
shopify_au_7811348463835_43305406562523,Charles Owen Hair Net Blonde,8.95,11,242.0,12.62,35.33,2.8,tr_c
shopify_au_7874623340763_43553085751515,ThinLine Stirrup Wrap English,39.95,5,350.0,3.17,34.87,11.0,tr_c
shopify_au_8223672631515_44710919143643,Stallion Chain Solid Brass,54.95,6,343.0,3.94,34.87,8.85,tr_c
shopify_au_8840310653147_46645904474331,Samshield Roxy Premium Competition Shirt - SS25 Black / Large,299.0,2,83.0,0.73,34.87,47.77,tr_c
shopify_au_4548323541050_42062330921179,ThinLine Endurance Wax Tough Rider Pad Tan,489.95,8,662.0,9.07,33.55,3.7,tr_c
shopify_au_480689324055_3864147099671,Charles Owen 4 Star - Riding Helmet Black / 58cm,579.0,27,0.0,17.89,33.0,1.84,tr_c
shopify_au_8403002654939_45338026508507,Samshield Luana Seemless Shirt-SS24 Black / Extra Small,140.0,9,486.0,9.49,32.56,3.43,tr_c
shopify_au_8314354303195_45078008430811,Samshield Miss Shield Glossy 2.0 Black / Medium,899.0,132,0.0,99.17,31.72,0.32,tr_c
shopify_au_8304580034779_45030339936475,Lami-Cell Titanium Hood with Ears Small,139.95,6,498.0,3.29,31.29,9.51,tr_c
shopify_au_7991725555931_44007646527707,Samshield Berenice Zip Hoodie Mauve / Medium,319.0,3,106.0,4.55,31.22,6.86,tr_c
shopify_au_8322073002203_45112097603803,Samshield Berenice Zip Hoodie - SS24 Black / Medium,319.0,1,129.0,2.75,31.22,11.35,tr_c
shopify_au_8685853343963_46031050834139,Samshield Suzanne Pullover - FW24 Grey / Medium,300.0,2,101.0,4.79,31.22,6.52,tr_c
shopify_au_9014730162395_47818114957531,Samshield Chamonix Light Puffer Vest - FW25 Navy / Medium,470.0,7,226.0,6.77,31.22,4.61,tr_c
shopify_au_9014731342043_47818122526939,Samshield Evelya Training Top - FW25 Black / Medium,279.0,1,77.0,3.81,31.22,8.19,tr_c
shopify_au_490570940439_4030856232983,Drop Nose Band | Equipe Black / Full,109.95,10,587.0,34.77,30.98,0.89,tr_c
shopify_au_4476283289658_31654199066682,Loose Ring Bradoon Full,33.95,5,258.0,3.29,30.86,9.38,tr_c
shopify_au_490578182167_4030998183959,Stud Girth Base | Equipe Brown / 130cm,299.95,4,200.0,2.62,30.47,11.63,tr_c
shopify_au_9175754997979_48315649687771,Aintree Leather Grip Crop - 65cm Black,29.95,4,144.0,0.94,29.95,31.86,tr_c
shopify_au_7106678751420_40740742267068,Lami-Cell V22 Open Hind Boots Brown / Large,131.95,1,104.0,1.18,28.96,24.54,tr_c
shopify_au_490579230743_4031019450391,Halter | Equipe Brown/Ecru / Full,199.95,5,363.0,8.98,28.33,3.15,tr_c
shopify_au_4540609527866_31906937339962,Padded Tail Wrap,17.95,2,122.0,0.67,27.84,41.55,tr_c
shopify_au_8108268323035_44328642478299,Samshield Bonnie Sweat Shirt Dark Forrest / Medium,370.0,2,14.0,13.97,26.11,1.87,tr_c
shopify_au_8322073002203_45112097833179,Samshield Berenice Zip Hoodie - SS24 Stormy Sea / Extra Large,319.0,2,32.0,10.78,26.11,2.42,tr_c
shopify_au_8671306547419_45990158205147,Lycra Skinny Hood Full,29.95,6,480.0,3.59,25.78,7.18,tr_c
shopify_au_7954444583131_43914064789723,Samshield Avana Winter Softshell Jacket Navy / Medium,400.0,3,239.0,2.45,23.88,9.75,tr_c
shopify_au_9287104659675_48590215577819,Samshield Sun Long Sleeve Training Top - SS26 Black / Medium,285.0,2,106.0,3.62,23.88,6.6,tr_c
shopify_au_490575527959_4030944018455,Emporio Reins | Equipe Brown / Pony,114.95,3,91.0,1.61,23.73,14.74,tr_c
shopify_au_9284838457563_48580236673243,Samshield Miss Shield 2.0 - Celestial Front Band Black / Large,1198.0,11,0.0,8.62,22.91,2.66,tr_c
shopify_au_8304585539803_45282365341915,"Brass Plate Lead Chain 30""",23.95,5,142.0,6.76,21.77,3.22,tr_c
shopify_au_8312184996059_45067643420891,Samshield Shadowmatt 2.0 Helmet - Dark Line Black / Large,799.0,1,149.0,8.07,21.41,2.65,tr_c
shopify_au_4381722378298_31284883521594,Trifecta Cotton Half Pad | ThinLine Black / Small,359.95,2,408.0,0.49,20.93,42.71,tr_c
shopify_au_7999489048795_44025142051035,Samshield Jully Flower Jewellery Breeches Forest Green / 32,515.0,1,111.0,0.41,20.64,50.34,tr_c
shopify_au_7991725687003_44007647412443,Samshield Clara Full Grip Breeches,465.0,13,590.0,11.9,20.63,1.73,tr_c
shopify_au_8322064416987_45112062509275,Samshield Diane Full Grip Breeches - SS24 Chocolate / 38,499.0,9,462.0,5.87,20.63,3.51,tr_c
shopify_au_8840310456539_46645904015579,Samshield Sun Long Sleeve Training Polo - SS25 Cosmic Blue / Large,250.0,2,83.0,1.1,20.63,18.75,tr_c
shopify_au_7711623315675_42916393353435,Stella Sweat Shirt | Samshield Anthracite / Extra Small,290.0,3,323.0,6.82,20.04,2.94,tr_c
shopify_au_7991725555931_44007646691547,Samshield Berenice Zip Hoodie Powder Pink / Medium,319.0,2,117.0,8.07,20.04,2.48,tr_c
shopify_au_9287104266459_48590213841115,Samshield Evelya Zip Traning Top - SS26 Navy / Medium,225.0,1,81.0,13.04,20.04,1.54,tr_c
shopify_au_490578313239_4031001886743,Rubber Grip Reins | Equipe Brown / Cob,169.95,1,76.0,0.62,19.39,31.27,tr_c
shopify_au_7137100791996_48104846524635,Equipe EK26 Special Jump Saddle Brown / 17L / M M,7795.0,14,429.0,1.61,18.99,11.8,tr_c
shopify_au_8181884813531_44513168720091,Samshield Miss Shield 2.0 Helmet - Crystal Leaf Navy / Medium,1665.0,26,0.0,15.59,18.95,1.22,tr_c
shopify_au_8878736474331_46765936902363,Samshield Miss Glossy 2.0 - Crystal Bloom Navy / Medium,1498.0,17,0.0,18.87,18.95,1.0,tr_c
shopify_au_9287291273435_48591099035867,Samshield Miss Shadowmatt 2.0 - Flower Jewellery Front Band Navy / Medium,1198.0,6,610.0,12.37,18.95,1.53,tr_c
shopify_au_1414351716375_12571749613591,Roeckl Grip Glove - Equestrian Horse Riding Glove Black / 8.5,99.95,2,201.0,0.02,18.67,933.5,tr_c
shopify_au_8148605370587_44427484168411,Samshield Shadowmatt 2.0 Helmet Black / Large,799.0,24,0.0,36.62,18.16,0.5,tr_c
shopify_au_490568712215_4030838702103,Breast Plate | Equipe Red Brown / Cob,399.95,8,756.0,3.09,15.75,5.1,tr_c
shopify_au_8788772552923_46447664922843,ThinLine Diamond Line Endurance Pad Black / Standard,529.95,4,495.0,9.12,15.53,1.7,tr_c
shopify_au_7092595130556_45978249396443,Equipe Emporio Jump Saddle Brown / 17.5N / M,3995.0,15,0.0,5.09,14.94,2.94,tr_c
shopify_au_8636864233691_45866553671899,Leovet Leather Quick & Easy,16.95,1,29.0,1.7,13.96,8.21,tr_c
shopify_au_7865000362203_43510143615195,Breast Plate Pressure pad - Fleece,16.95,4,134.0,2.14,13.34,6.23,tr_c
shopify_au_8840310816987_46645905326299,Samshield Phoebe Pull Over - SS25 Celestial Blue / Medium,210.0,5,83.0,4.19,13.28,3.17,tr_c
shopify_au_6640150085820_39551657705660,Horse Razors Bulk Buy,15.95,7,398.0,4.86,13.05,2.69,tr_c
shopify_au_8840183316699_46645506506971,Samshield Brunella Long Sleeve Training Polo - SS25 Black / Small,300.0,3,29.0,4.42,12.43,2.81,tr_c
shopify_au_8098887467227_47957743665371,KASK Star Lady - WG11 Black / 57cm-59cm,1050.0,22,0.0,25.77,12.08,0.47,tr_c
shopify_au_8322064416987_45112062574811,Samshield Diane Full Grip Breeches - SS24 Chocolate / 42,499.0,1,62.0,2.9,11.98,4.13,tr_c
shopify_au_7879949713627_43582994579675,Samshield Erina Long Sleeve Training Polo Navy / Extra Small,175.0,2,110.0,0.47,11.94,25.4,tr_c
shopify_au_7894818390235_43679757762779,Samshield Evy Glossy Long Sleeve Base Layer Navy / Large,229.0,3,173.0,2.69,11.94,4.44,tr_c
shopify_au_8077086458075_44228241817819,Samshield Axelle Script T-Shirt Navy / Medium,145.0,3,151.0,1.02,11.94,11.71,tr_c
shopify_au_8322073526491_45112100258011,Samshield Bruna Training Polo - SS24 Navy / Extra Large,249.0,2,100.0,1.0,11.94,11.94,tr_c
shopify_au_8840183316699_46645507227867,Samshield Brunella Long Sleeve Training Polo - SS25 Black / Medium,300.0,2,98.0,1.76,11.94,6.78,tr_c
shopify_au_9014729965787_47818113319131,Samshield Brunella Training Shirt - FW25 Moonless Night / Extra Large,295.0,1,35.0,1.02,11.94,11.71,tr_c
shopify_au_9287104299227_48590213939419,Samshield Bella Crystal Ferna Training Top - SS26 Navy / Medium,259.0,1,36.0,2.35,11.94,5.08,tr_c
shopify_au_9287104299227_48590214004955,Samshield Bella Crystal Ferna Training Top - SS26 Navy / Extra Large,259.0,1,7.0,0.38,11.94,31.42,tr_c
shopify_au_7148286771388_45980213739739,Equipe Synergy Special Jump Saddle Black / 17.5N / +1R M,6295.0,3,245.0,1.73,11.47,6.63,tr_c
shopify_au_1461358886935_12782178566167,Eurofit Dressage Saddle Pad | Mattes Medium,399.0,16,0.0,18.25,11.4,0.62,tr_c
shopify_au_8322072674523_45112096030939,Samshield Aloise Boreal Competition Polo - SS24 White / Large,260.0,20,0.0,19.73,10.92,0.55,tr_c
shopify_au_4355565551674_31212990103610,Horse Boots | Mattes Graphite / Rear / Medium,129.95,8,0.0,7.47,10.0,1.34,tr_c
shopify_au_490575527959_4030944182295,Emporio Reins | Equipe Black / Full,114.95,2,350.0,0.3,7.87,26.23,tr_c
shopify_au_7486821925083_47208074445019,Equipe Extreme Special Jump Saddle Brown / 17N / M M,7495.0,5,941.0,0.91,7.53,8.27,tr_c
shopify_au_7137092272316_48723313033435,Equipe EKGO Special Jump Saddle Brown / 17N / M M,7795.0,8,876.0,2.72,7.52,2.76,tr_c
shopify_au_7137237696700_46095865512155,Equipe Expression Special Jump Saddle Brown / 17L / +1R M,5295.0,51,0.0,20.7,7.52,0.36,tr_c
shopify_au_7678676009179_44083459260635,Equipe Allegra Jump Saddle Black / 17L / +1R M,8495.0,17,0.0,6.34,7.52,1.19,tr_c
shopify_au_480694927383_3864242192407,Riding Helmet - SP8 | Charles Owen Black / 56cm,735.0,17,0.0,8.28,7.4,0.89,tr_c
shopify_au_7137451114684_40843161993404,Charles Owen Halo Matte MIPS - Clearance Black/Rose Gold / Large,849.0,36,0.0,14.82,7.4,0.5,tr_c
shopify_au_8951227285723_47869572743387,Samshield Miss Glossy 2.0 - Tiara Front Band Black / Small,1198.0,21,0.0,29.55,4.21,0.14,tr_c
shopify_au_9183721881819_48356262314203,Samshield Miss Shield 2.0 - Tiara Front Band Navy / Small,1198.0,17,0.0,13.28,3.95,0.3,tr_c
shopify_au_3962292371479_29502465409047,Ear Bonnet | Mattes Medium / Taupe,99.95,6,909.0,8.49,3.8,0.45,tr_c
shopify_au_7137092272316_46149495226587,Equipe EKGO Special Jump Saddle Brown / 17L / +1 M,7795.0,5,788.0,1.75,3.72,2.13,tr_c
shopify_au_7447614718171_42061971914971,Bungee Trailer Tie Panic Snap,23.95,5,292.0,2.79,2.96,1.06,tr_c
shopify_au_8840183808219_46645510209755,Samshield Dalia Full Grip Breeches - SS25 Black / 38,450.0,2,83.0,0.75,1.73,2.31,tr_c
shopify_au_6225795416252_37924558831804,Metalab SS Rubber Spur - Soft Touch 20mm Medium,109.95,4,458.0,1.3,1.67,1.28,tr_c
shopify_au_7096093475004_40704970162364,Lami-Cell V22 Tendon Boots Brown / Medium,169.95,12,588.0,13.22,1.5,0.11,tr_c
shopify_au_7861313470683_43494194282715,Kentucky Horsewear Moonboots Air X Elastic Brown / Medium,289.95,2,295.0,2.06,1.5,0.73,tr_c
shopify_au_7944630075611_43880043479259,No Rub | Leovet,37.95,4,289.0,1.52,1.5,0.99,tr_c
shopify_au_8746336977115_46290882855131,Equipe Leather Dressage Girth Rose GH19 Black / 70cm,389.95,5,544.0,1.11,1.19,1.07,tr_c
shopify_au_8685853999323_46031052996827,Samshield Lara Training Polo- FW24 Navy / Large,255.0,3,149.0,4.74,0.98,0.21,tr_c
shopify_au_7969485029595_43959171449051,Velvet Brushing Boots | Kentucky Horsewear Bordeaux / Medium,189.95,8,557.0,11.45,0.95,0.08,tr_c
shopify_au_4539279867962_31896124325946,Thinline Halter Padding Full,49.95,7,562.0,3.26,0.82,0.25,tr_c
shopify_au_7873351254235_43562488791259,Thinline 2 Piece Halter Cheek Liner Brown,41.95,3,242.0,1.33,0.82,0.62,tr_c
shopify_au_480694927383_3864242225175,Charles Owen Riding Helmet | Size 57cm | Trailrace,735.0,5,807.0,6.94,0.67,0.1,tr_c
shopify_au_8685853802715_46031052177627,Samshield Louison Crystal Short Sleeve Competition Shirt-FW24 White / Large,259.0,12,582.0,17.43,0.67,0.04,tr_c
shopify_au_4382051893306_43547451228379,Western Ranch Pad- Round | ThinLine Brown,419.95,4,705.0,5.97,0.55,0.09,tr_c
shopify_au_4548323541050_31955920289850,ThinLine Endurance Wax Tough Rider Pad Black,489.95,4,348.0,1.19,0.55,0.46,tr_c
shopify_au_7439038120155_42039148413147,Samshield Chamonix Down Vest Boysenberry / Medium,289.95,3,154.0,2.45,0.49,0.2,tr_c
shopify_au_7711623315675_42910859690203,Stella Sweat Shirt | Samshield Light Navy / Small,290.0,6,257.0,8.64,0.49,0.06,tr_c
shopify_au_7991724343515_44007639580891,Samshield Alpha Knee Grip Breeches Stone Grey / 38,429.0,21,900.0,13.32,0.49,0.04,tr_c
shopify_au_8108268454107_44328643231963,Samshield Clara Full Grip Breeches White / 44,510.0,2,102.0,4.41,0.49,0.11,tr_c
shopify_au_8108271108315_44328712995035,Samshield Deltana Full Grip Breeches White / 40,405.0,18,821.0,20.3,0.49,0.02,tr_c
shopify_au_8322073526491_45112100094171,Samshield Bruna Training Polo - SS24 Magnet / Extra Large,249.0,1,37.0,2.96,0.49,0.17,tr_c
shopify_au_9287104299227_48590214037723,Samshield Bella Crystal Ferna Training Top - SS26 Light Grey / Extra Small,259.0,1,2.0,3.66,0.49,0.13,tr_c
shopify_au_7984230432987_43992614502619,Aintree Tail Bandage Black,14.95,2,85.0,4.42,0.47,0.11,tr_c
