OLD URLs,New URLs
/collections/saddles,/accessories
/collections/horse-rugs,/accessories/books
/collections/footwear,/accessories/books/bookmarks
/collections/horse-boots,/accessories/brands/horseware
/collections/horse-bandages,/accessories/collectibles
/collections/horse-grooming-supplies,/accessories/collectibles/resin
/collections/horse-health,/accessories/gift-cards
/collections/saddle-pads,/accessories/gifts
/collections/horse-riding-apparel,/accessories/tools
/collections/horse-riding-helmets,/clothing
/collections/strapping,/clothing/accessories
/collections/horse-halters,/clothing/accessories/belts
/collections/horse-toys,/clothing/accessories/caps
/collections/horse-jewellery,/clothing/accessories/hats
/collections/pets,/clothing/accessories/scarves
/collections/horse-riding-accessories,/clothing/accessories/socks
/collections/feed,/clothing/accessories/ties
/collections/stable-and-yard,/clothing/activewear
/collections/clippers,/clothing/bottoms/shorts
/collections/body-protectors,/clothing/footwear
/collections/horse-bits,/clothing/footwear/accessories
/collections/trailrace-equestrian-outfitters,/clothing/footwear/ankle-boots
/collections/thinline-global-australia,/clothing/footwear/boots
/collections/southern-sport-horses,/clothing/footwear/casual
/collections/dapple-eq,/clothing/footwear/mens
/collections/ascot-saddlery,/clothing/footwear/riding-boots
/collections/fly-veils-and-hoods,/clothing/footwear/tall-boots
/collections/luggage,/clothing/footwear/ugg-boots
/collections/horse-books,/clothing/footwear/western
/collections/eac-animal-care,/clothing/footwear/womens
/collections/ps-of-sweden,/clothing/kids
/collections/samshield,/clothing/kids/breeches
/collections/living-horse-tales-jewellery-by-monika,/clothing/kids/casual
/collections/vivarchie-equestrian,/clothing/kids/footwear
/collections/horseware-australia,/clothing/kids/jackets
/collections/bare-equestrian,/clothing/kids/show-jackets
/collections/premier-equine,/clothing/kids/show-shirts
/collections/hitchley-harrow,/clothing/kids/tops
/collections/diamond-deluxe-horsewear,/clothing/mens
/collections/bucas-australia,/clothing/mens/breeches
/collections/cavalor-equicare,/clothing/mens/casual
/collections/lemieux,/clothing/mens/jeans
/collections/zilco,/clothing/mens/show-shirts
/collections/penelope-leprovost,/clothing/mens/trousers
/collections/can-animal-care,/clothing/outerwear
/collections/helmet-brims,/clothing/outerwear/jackets
/collections/kentucky,/clothing/outerwear/oilskins
/collections/freejump,/clothing/outerwear/riding-jackets
/collections/cavalleria-toscana,/clothing/outerwear/show-jackets
/collections/animo,/clothing/sleepwear
/collections/equiline,/clothing/tops
/collections/little-equine-co,/clothing/tops/knitwear
/collections/cavallo,/clothing/tops/long-sleeve
/collections/equipe,/clothing/tops/polo-shirts
/collections/sterling-essentials,/clothing/tops/shirts
/collections/southern-sport-horses-1,/clothing/tops/show-shirts
/collections/emcee-apparel,/clothing/tops/sweaters
/collections/top-brands,/clothing/tops/tanks
/collections/aza-equestrian,/clothing/tops/tshirts
/collections/black-friday-deals-for-equestrians,/clothing/tops/vests
/collections/farrier-tools,/clothing/womens
/collections/vibrant-equestrian,/clothing/womens/breeches
/collections/on-sale,/clothing/womens/casual
/collections/peter-williams,/clothing/womens/jackets
/collections/jp-equestrian-fashion,/clothing/womens/jeans
/collections/plum-tack,/clothing/womens/leggings
/collections/breeches,/clothing/womens/tights
/collections/base-layers,/clothing/womens/tops
/collections/hygieia-san,/horse
/collections/dyon,/horse/bits
/collections/westerns-saddles-usa,/horse/bits/accessories
/collections/hairy-pony,/horse/bonnets
/collections/ariat,/horse/bonnets/fly-masks
/collections/multidomain-chek,/horse/boots
/collections/globo_basis_collection,/horse/boots/accessories
/collections/mochara,/horse/boots/bandages
/collections/toklat,/horse/boots/bell-boots
/collections/wintec,/horse/boots/eventing
/collections/martin-saddlery,/horse/boots/exercise
/collections/weaver-leather,/horse/boots/fetlock
/collections/leather-brothers,/horse/boots/float
/collections/run-away-equestrian-co,/horse/boots/fly-boots
/collections/noble-outfitters,/horse/boots/ice-boots
/collections/ippico-equestrian,/horse/boots/jumping
/collections/qj-riding-wear,/horse/boots/magnetic
/collections/jnk-collective,/horse/boots/overreach
/collections/accessories,/horse/boots/polos-wraps
/collections/ponyjet,/horse/boots/stable
/collections/the-equestrian,/horse/boots/tendon-boots
/collections/eurohunter,/horse/boots/therapy
/collections/prestige,/horse/boots/travel
/collections/the-barbie-collection,/horse/grooming
/collections/acavallo,/horse/grooming/bags
/collections/anky,/horse/grooming/brushes
/collections/birds,/horse/grooming/coat-care
/collections/elt,/horse/grooming/plaiting
/collections/stirrups,/horse/grooming/products
/collections/test-imports,/horse/grooming/shampoo
/collections/anna-scarpati,/horse/grooming/show-prep
/collections/precision-microbes,/horse/halters
/collections/visentin-equestrian,/horse/halters/lead-ropes
/collections/paddock-blade,/horse/halters/leads
/collections/ego-7,/horse/pads
/collections/exclusively-equine,/horse/pads/all-purpose
/collections/gifts,/horse/pads/dressage
/collections/homeware,/horse/pads/gel-pads
/collections/tacklet,/horse/pads/half-pads
/collections/shire-saddleworld,/horse/pads/jumping
/collections/horse-queened,/horse/pads/western
/collections/zilco/hind-fetlock,/horse/pads/wither-pads
/collections/zilco/cryochaps,/horse/pads/wither-relief
/collections/zilco/ice,/horse/racing
/collections/zilco/bell,/horse/racing/harness
/collections/zilco/exercise,/horse/rugs
/collections/wintec/jumping,/horse/rugs/accessories
/collections/wintec/dressage,/horse/rugs/cotton
/collections/stirrups/leathers,/horse/rugs/flag
/collections/stirrups/freejump,/horse/rugs/hoods
/collections/kentucky/white,/horse/rugs/mesh
/collections/kentucky/dressage,/horse/rugs/rain
/collections/kentucky/black,/horse/rugs/riding
/collections/hairy-pony/equinade-shampoo,/horse/rugs/summer
/collections/dyon/bridles,/horse/rugs/tail-protectors
/collections/birds/poultry,/horse/rugs/travel
/collections/birds/toys,/horse/rugs/winter
/collections/base-layers/grey,/horse/saddles
/collections/base-layers/white,/horse/saddles/accessories
/collections/base-layers/navy,/horse/saddles/all-purpose
/collections/base-layers/black,/horse/saddles/dressage
/collections/ariat/hats,/horse/saddles/jumping
/collections/ariat/western-spurs,/horse/saddles/stock-western
/collections/ariat/ego-7,/horse/stable
/collections/ariat/baxter-boots,/horse/stable/bags
/collections/ariat/roper-boots,/horse/stable/clippers
/collections/ariat/bags,/horse/stable/diy
/collections/ariat/cavallo,/horse/stable/farrier
/collections/ariat/mens,/horse/stable/feed
/collections/ariat/spurs-and-straps,/horse/stable/feed-storage
/collections/ariat/stirrups-and-leathers,/horse/stable/feeding
/collections/ariat/womens,/horse/stable/fly-control
/collections/ariat/jeans,/horse/stable/fly-repellent
/collections/ariat/ariat,/horse/stable/hay-nets
/collections/peter-williams/harcour,/horse/stable/hoof-care
/collections/peter-williams/high-waisted,/horse/stable/insect-repellent
/collections/peter-williams/grey,/horse/stable/instruments
/collections/peter-williams/brown,/horse/stable/jumps
/collections/peter-williams/black,/horse/stable/leather-care
/collections/breeches/harcour,/horse/stable/paddock
/collections/breeches/samshield,/horse/stable/rug-racks
/collections/breeches/high-waisted,/horse/stable/storage
/collections/breeches/grey,/horse/stable/tail-bags
/collections/breeches/brown,/horse/stable/treats
/collections/breeches/black,/horse/stable/wormers
/collections/accessories/water-bottles,/horse/stable/wrap-bags
/collections/test-imports/blue,/horse/stock-western
/collections/stable-and-yard/feeder,/horse/supplements
/collections/stable-and-yard/hay-feeders,/horse/tack
/collections/horse-toys/the-trail-of-the-painted-pony,/horse/tack/accessories
/collections/horse-toys/breyer,/horse/tack/breastplates
/collections/horse-halters/breakaway,/horse/tack/bridles
/collections/horse-halters/rope,/horse/tack/girths
/collections/horse-halters/lemieux,/horse/tack/martingales
/collections/saddles/equipe,/horse/tack/nosebands
/collections/saddles/arena,/horse/tack/number-holders
/collections/saddles/jumping,/horse/tack/reins
/collections/saddles/all-purpose,/horse/tack/stirrup-irons
/collections/saddles/dressage,/horse/tack/stirrup-leathers
/collections/saddle-pads/fig,/horse/tack/stirrups
/collections/saddle-pads/bluebell,/horse/training
/collections/saddle-pads/ps-of-sweden,/horse/training/lunge-equipment
/collections/saddle-pads/mattes,/horse/training/lungeing
/collections/saddle-pads/bareback,/horse/training/ropes
/collections/saddle-pads/red,/horse/veterinary
/collections/saddle-pads/pink,/horse/veterinary/first-aid
/collections/saddle-pads/jumping,/pet
/collections/saddle-pads/matchy-horse-sets,/pet/bird
/collections/saddle-pads/lemieux,/pet/bird/cages
/collections/saddle-pads/blue,/pet/bird/care
/collections/saddle-pads/sheepskin,/pet/bird/food
/collections/saddle-pads/all-purpose,/pet/bird/toys
/collections/saddle-pads/half-pad,/pet/cat
/collections/saddle-pads/gel,/pet/cat/accessories
/collections/saddle-pads/eurohunter,/pet/cat/food
/collections/saddle-pads/white,/pet/cat/litter
/collections/saddle-pads/dressage,/pet/cat/skin-care
/collections/saddle-pads/burgundy,/pet/cat/toys
/collections/saddle-pads/navy,/pet/dog
/collections/saddle-pads/black,/pet/dog/accessories
/collections/saddle-pads/bare,/pet/dog/bedding
/collections/saddle-pads/western,/pet/dog/coats-and-rugs
/collections/pets/hills-science-diet,/pet/dog/collars-and-leads
/collections/pets/petlife-dog-beds,/pet/dog/food
/collections/pets/melanie-newman-shampoo,/pet/dog/grooming
/collections/pets/kazoo-dog-bed,/pet/dog/kennels
/collections/pets/pawz-dog-bed,/pet/dog/skin-care
/collections/pets/earthborn-dog-food,/pet/dog/supplements
/collections/pets/dog-constipation,/pet/dog/toys
/collections/pets/msm-for-dogs,/pet/dog/treats
/collections/pets/dog-poop-bag-holder,/pet/dog/veterinary
/collections/pets/credelio-plus,/pet/dog/walking
/collections/pets/hemp-oil-for-dogs,/pet/pony
/collections/pets/dog-tags,/pet/poultry
/collections/pets/bravecto-for-dogs,/pet/small-animal
/collections/pets/zippy-paws,/pet/supplements
/collections/pets/black-dog-wear,/pet/supplements/probiotics
/collections/pets/rogz-harness,/rider
/collections/pets/aristopet-all-wormer,/rider/accessories
/collections/pets/dog-collars,/rider/accessories/hair
/collections/pets/anipal,/rider/accessories/hatbands
/collections/pets/vitamins-and-supplements,/rider/accessories/hats
/collections/pets/advance-cat-food,/rider/accessories/headbands
/collections/pets/advance-pet-food,/rider/accessories/keychains
/collections/pets/zamipet,/rider/accessories/stocks
/collections/pets/supplements-and-medicine,/rider/accessories/studs
/collections/pets/dog-flea-treatment,/rider/accessories/whips
/collections/pets/aristopet,/rider/body-protectors
/collections/pets/blackdog-treats,/rider/chaps
/collections/pets/kong-dog-toys-and-treats,/rider/eyewear
/collections/pets/kazoo-dog-coat,/rider/giftware
/collections/pets/dog-coats,/rider/gloves
/collections/pets/dog-beds,/rider/helmets
/collections/pets/kangaroo-dog-treats,/rider/helmets/accessories
/collections/pets/dog-treats,/rider/jewellery
/collections/fly-veils-and-hoods/bonnets,/rider/jewellery/bracelets
/collections/luggage/saddle-bags,/rider/jewellery/charms
/collections/luggage/backpacks,/rider/jewellery/cuffs
/collections/luggage/ariat,/rider/jewellery/earrings
/collections/horse-bandages/white,/rider/jewellery/lockets
/collections/horse-bandages/dressage,/rider/jewellery/necklaces
/collections/horse-bandages/black,/rider/jewellery/pendants
/collections/horse-rugs/50-125cm,/rider/jewellery/rings
/collections/horse-rugs/hoods,/rider/luggage
/collections/horse-rugs/woolen,/rider/luggage/bags
/collections/horse-rugs/canvas,/rider/luggage/handbags
/collections/horse-rugs/winter,/rider/luggage/wallets
/collections/horse-rugs/summer,/rider/spurs
/collections/horse-rugs/show,/rider/spurs/accessories
/collections/horse-rugs/cotton,/rider/whips
/collections/horse-rugs/46,/brands/acavallo
/collections/horse-rugs/eurohunter,/brands/animo
/collections/horse-rugs/kentucky,/brands/anky
/collections/horse-rugs/stable,/brands/anna-scarpati
/collections/horse-riding-helmets/resistol,/brands/ariat
/collections/horse-riding-helmets/uvex,/brands/bare-equestrian
/collections/horse-riding-helmets/brims,/brands/can-animal-care
/collections/horse-riding-helmets/kask,/brands/cavalleria-toscana
/collections/horse-riding-helmets/charles-owen,/brands/cavallo
/collections/horse-riding-helmets/kep,/brands/cavalor-equicare
/collections/horse-riding-helmets/samshield,/brands/diamond-deluxe-horsewear
/collections/horse-riding-helmets/black,/brands/dyon
/collections/footwear/tucci,/brands/eac-animal-care
/collections/footwear/top-boots,/brands/ego-7
/collections/footwear/western-spurs,/brands/elt
/collections/footwear/ego-7,/brands/emcee-apparel
/collections/footwear/baxter-boots,/brands/equiline
/collections/footwear/childrens,/brands/equipe
/collections/footwear/cavallo,/brands/eurohunter
/collections/footwear/mens,/brands/freejump
/collections/footwear/spurs-and-straps,/brands/hairy-pony
/collections/footwear/stirrups-and-leathers,/brands/horse-queened
/collections/footwear/womens,/brands/horseware-australia
/collections/footwear/ariat,/brands/ippico-equestrian
/collections/horse-jewellery/pendants,/brands/jnk-collective
/collections/horse-jewellery/sabona-bracelets,/brands/jp-equestrian-fashion
/collections/horse-jewellery/necklaces,/brands/kentucky
/collections/horse-jewellery/kelly-herd,/brands/living-horse-tales-jewellery-by-monika
/collections/horse-jewellery/earrings,/brands/noble-outfitters
/collections/horse-jewellery/rings,/brands/paddock-blade
/collections/horse-jewellery/bracelets,/brands/penelope-leprovost
/collections/horse-health/likit-horse-treats,/brands/peter-williams
/collections/horse-health/horse-treats,/brands/plum-tack
/collections/horse-health/equimax,/brands/ponyjet
/collections/horse-health/psyllium-husk,/brands/prestige
/collections/horse-health/msm,/brands/ps-of-sweden
/collections/horse-health/dynavyte,/brands/qj-riding-wear
/collections/horse-health/anti-inflammatory,/brands/run-away-equestrian-co
/collections/horse-health/biotin,/brands/samshield
/collections/horse-health/electrolytes,/brands/sterling-essentials
/collections/horse-health/betavet,/brands/the-barbie-collection
/collections/horse-health/calming-supplements,/brands/the-equestrian
/collections/horse-health/b-quiet,/brands/thinline-global-australia
/collections/horse-health/arcequine,/brands/wintec
/collections/horse-health/wormers,/brands/zilco
/collections/horse-health/fly-veils-and-hoods,
/collections/horse-health/ranvet,
/collections/horse-health/kelato,
/collections/horse-health/bonnets,
/collections/horse-health/vitamins-and-supplements,
/collections/horse-health/joint-supplements,
/collections/horse-health/toys,
/collections/horse-health/wound-care,
/collections/horse-health/zamipet,
/collections/horse-health/hoof-care,
/collections/horse-grooming-supplies/equinade-shampoo,
/collections/horse-grooming-supplies/equibuff,
/collections/horse-grooming-supplies/equinade,
/collections/horse-grooming-supplies/brushes,
/collections/horse-grooming-supplies/absorbine,
/collections/horse-grooming-supplies/shampoo,
/collections/horse-boots/veredus-jumping-boots,
/collections/horse-boots/hind-fetlock,
/collections/horse-boots/lami-cell,
/collections/horse-boots/magnetic,
/collections/horse-boots/zandona,
/collections/horse-boots/cryochaps,
/collections/horse-boots/ice,
/collections/horse-boots/floating-transport,
/collections/horse-boots/fly-boots-for-horses,
/collections/horse-boots/bell,
/collections/horse-boots/woof-wear,
/collections/horse-boots/tendon,
/collections/horse-boots/jumping,
/collections/horse-boots/exercise,
/collections/horse-boots/kentucky,
/collections/horse-bits/myler,
/collections/horse-bits/kk-horse-bits,
/collections/horse-bits/dr-bristol,
/collections/horse-bits/pelham-bits,
/collections/horse-bits/sprenger,
/collections/horse-bits/gag,
/collections/horse-bits/snaffle,
/collections/horse-bits/trust,
/collections/horse-bits/bit,
/collections/horse-bits/bombers-bits,
/collections/horse-riding-apparel/hats-and-caps,
/collections/horse-riding-apparel/kunkle-gloves,
/collections/horse-riding-apparel/roeckl-gloves,
/collections/horse-riding-apparel/stetson-hats,
/collections/horse-riding-apparel/equiline-breeches,
/collections/horse-riding-apparel/gloves,
/collections/horse-riding-apparel/childrens-breeches,
/collections/horse-riding-apparel/ariat-breeches,
/collections/horse-riding-apparel/children,
/collections/horse-riding-apparel/unisex,
/collections/horse-riding-apparel/childrens,
/collections/horse-riding-apparel/beanies-and-headbands,
/collections/horse-riding-apparel/base-layer,
/collections/horse-riding-apparel/denim-breeches,
/collections/horse-riding-apparel/womens-breeches,
/collections/horse-riding-apparel/mens-breeches,
/collections/horse-riding-apparel/belts,
/collections/horse-riding-apparel/mens-tops,
/collections/horse-riding-apparel/horse-riding-and-casual-shirts,
/collections/horse-riding-apparel/polo-tops,
/collections/horse-riding-apparel/casual-jackets,
/collections/horse-riding-apparel/socks,
/collections/horse-riding-apparel/show-jackets,
/collections/horse-riding-apparel/mens,
/collections/horse-riding-apparel/womens,
/collections/horse-riding-apparel/stock,
/collections/horse-riding-apparel/riding-tights,
/collections/horse-riding-apparel/women,
/collections/horse-riding-apparel/horse-riding-jeans,
/collections/westerns-saddles-usa/jumping,
/collections/westerns-saddles-usa/dressage,
/collections/strapping/grackle-bridles,
/collections/strapping/equipe-bridles,
/collections/strapping/bridle,
/collections/strapping/browbands-for-horses,
/collections/strapping/bridles,
/collections/strapping/dressage-bridles,
/collections/strapping/western-breastplates,
/collections/strapping/breastplates-martingales,
/collections/strapping/showjumping-bridles,
/collections/strapping/reins,
/collections/strapping/showjumping-girths,
/collections/strapping/all-purpose-girths,
/collections/black-friday-deals-for-equestrians/jumping,
/collections/black-friday-deals-for-equestrians/bit,