title,handle,url,products_count,rules,h1_title,meta_title,meta_description,short_description,long_description,breadcrumb_label,faq_json
CAN Animal Care,can-animal-care,/collections/can-animal-care,"{""count"":1}","[{""column"":""VENDOR"",""relation"":""EQUALS"",""condition"":""CAN Animal Care""}]",CAN Animal Care,CAN Animal Care | The Equestrian,Shop CAN Animal Care products at The Equestrian. Quality equestrian supplies and equipment.,Browse our range of CAN Animal Care products.,,CAN Animal Care,[]
Cavalor Equicare,cavalor-equicare,/collections/cavalor-equicare,"{""count"":21}","[{""column"":""VENDOR"",""relation"":""EQUALS"",""condition"":""Cavalor Equicare""}]",Cavalor Equicare,Cavalor Equicare | The Equestrian,Shop Cavalor Equicare products at The Equestrian. Quality equestrian supplies and equipment.,Browse our range of Cavalor Equicare products.,,Cavalor Equicare,[]
Diamond Deluxe Horsewear,diamond-deluxe-horsewear,/collections/diamond-deluxe-horsewear,"{""count"":13}","[{""column"":""VENDOR"",""relation"":""EQUALS"",""condition"":""Diamond Deluxe Horsewear""}]",Diamond Deluxe Horsewear,Diamond Deluxe Horsewear | The Equestrian,Shop Diamond Deluxe Horsewear products at The Equestrian. Quality equestrian supplies and equipment.,Browse our range of Diamond Deluxe Horsewear products.,,Diamond Deluxe Horsewear,[]
EAC Animal Care,eac-animal-care,/collections/eac-animal-care,"{""count"":17}","[{""column"":""VENDOR"",""relation"":""EQUALS"",""condition"":""EAC Animal Care""}]",EAC Animal Care,EAC Animal Care | The Equestrian,Shop EAC Animal Care products at The Equestrian. Quality equestrian supplies and equipment.,Browse our range of EAC Animal Care products.,,EAC Animal Care,[]
Ego 7,ego-7,/collections/ego-7,"{""count"":24}","[{""column"":""TAG"",""relation"":""EQUALS"",""condition"":""ego 7""}]",Ego 7,Ego 7 | The Equestrian,Shop Ego 7 products at The Equestrian. Quality equestrian supplies and equipment.,Browse our range of Ego 7 products.,,Ego 7,[]
ELT  Equestrian,elt,/collections/elt,"{""count"":28}","[{""column"":""TAG"",""relation"":""EQUALS"",""condition"":""elt""}]",ELT  Equestrian,ELT  Equestrian | The Equestrian,Shop ELT  Equestrian products at The Equestrian. Quality equestrian supplies and equipment.,Browse our range of ELT  Equestrian products.,,ELT  Equestrian,[]
HORSE QUEENED,horse-queened,/collections/horse-queened,"{""count"":13}","[{""column"":""VENDOR"",""relation"":""EQUALS"",""condition"":""HORSE QUEENED""}]",HORSE QUEENED,HORSE QUEENED | The Equestrian,Shop HORSE QUEENED products at The Equestrian. Quality equestrian supplies and equipment.,Browse our range of HORSE QUEENED products.,,HORSE QUEENED,[]
Horseware Australia,horseware-australia,/collections/horseware-australia,"{""count"":5}",Manual Collection,Horseware Australia,Horseware Australia | The Equestrian,Shop Horseware Australia products at The Equestrian. Quality equestrian supplies and equipment.,Browse our range of Horseware Australia products.,,Horseware Australia,[]
Ippico Equestrian,ippico-equestrian,/collections/ippico-equestrian,"{""count"":69}","[{""column"":""VENDOR"",""relation"":""EQUALS"",""condition"":""Ippico Equestrian""}]",Ippico Equestrian,Ippico Equestrian | The Equestrian,Shop Ippico Equestrian products at The Equestrian. Quality equestrian supplies and equipment.,Browse our range of Ippico Equestrian products.,,Ippico Equestrian,[]
JNK Collective,jnk-collective,/collections/jnk-collective,"{""count"":73}","[{""column"":""VENDOR"",""relation"":""EQUALS"",""condition"":""JNK Collective""}]",JNK Collective,JNK Collective | The Equestrian,Shop JNK Collective products at The Equestrian. Quality equestrian supplies and equipment.,Browse our range of JNK Collective products.,,JNK Collective,[]
JP Equestrian Fashion,jp-equestrian-fashion,/collections/jp-equestrian-fashion,"{""count"":6}","[{""column"":""VENDOR"",""relation"":""EQUALS"",""condition"":""JP Equestrian Fashion""}]",JP Equestrian Fashion,JP Equestrian Fashion | The Equestrian,Shop JP Equestrian Fashion products at The Equestrian. Quality equestrian supplies and equipment.,Browse our range of JP Equestrian Fashion products.,,JP Equestrian Fashion,[]
Living Horse Tales Jewellery By Monika,living-horse-tales-jewellery-by-monika,/collections/living-horse-tales-jewellery-by-monika,"{""count"":105}","[{""column"":""VENDOR"",""relation"":""EQUALS"",""condition"":""Living Horse Tales Jewellery By Monika""}]",Living Horse Tales Jewellery By Monika,Living Horse Tales Jewellery By Monika | The Equestrian,Shop Living Horse Tales Jewellery By Monika products at The Equestrian. Quality equestrian supplies and equipment.,Browse our range of Living Horse Tales Jewellery By Monika products.,,Living Horse Tales Jewellery By Monika,[]
"Peter Williams Riding Apparel - Breeches, Jodphurs, Earlwwodd & More",peter-williams,/collections/peter-williams,"{""count"":11}","[{""column"":""TAG"",""relation"":""EQUALS"",""condition"":""peter williams""}]","Peter Williams Riding Apparel - Breeches, Jodphurs, Earlwwodd & More","Peter Williams Riding Apparel - Breeches, Jodphurs, Earlwwodd & More | The Equestrian","Shop Peter Williams Riding Apparel - Breeches, Jodphurs, Earlwwodd & More products at The Equestrian. Quality equestrian supplies and equipment.","Browse our range of Peter Williams Riding Apparel - Breeches, Jodphurs, Earlwwodd & More products.",,"Peter Williams Riding Apparel - Breeches, Jodphurs, Earlwwodd & More",[]
Plum Tack - Quality Australia Riding Apparel & Clothing,plum-tack,/collections/plum-tack,"{""count"":42}","[{""column"":""VENDOR"",""relation"":""EQUALS"",""condition"":""Plum Tack""}]",Plum Tack - Quality Australia Riding Apparel & Clothing,Plum Tack - Quality Australia Riding Apparel & Clothing | The Equestrian,Shop Plum Tack - Quality Australia Riding Apparel & Clothing products at The Equestrian. Quality equestrian supplies and equipment.,Browse our range of Plum Tack - Quality Australia Riding Apparel & Clothing products.,,Plum Tack - Quality Australia Riding Apparel & Clothing,[]
Ponyjet,ponyjet,/collections/ponyjet,"{""count"":5}","[{""column"":""TAG"",""relation"":""EQUALS"",""condition"":""ponyjet""}]",Ponyjet,Ponyjet | The Equestrian,Shop Ponyjet products at The Equestrian. Quality equestrian supplies and equipment.,Browse our range of Ponyjet products.,,Ponyjet,[]
PS Of Sweden,ps-of-sweden,/collections/ps-of-sweden,"{""count"":29}",Manual Collection,PS Of Sweden,PS Of Sweden | The Equestrian,Shop PS Of Sweden products at The Equestrian. Quality equestrian supplies and equipment.,Browse our range of PS Of Sweden products.,,PS Of Sweden,[]
QJ Riding Wear,qj-riding-wear,/collections/qj-riding-wear,"{""count"":56}","[{""column"":""VENDOR"",""relation"":""EQUALS"",""condition"":""QJ Riding Wear""}]",QJ Riding Wear,QJ Riding Wear | The Equestrian,Shop QJ Riding Wear products at The Equestrian. Quality equestrian supplies and equipment.,Browse our range of QJ Riding Wear products.,,QJ Riding Wear,[]
Runaway Equestrian Co.,run-away-equestrian-co,/collections/run-away-equestrian-co,"{""count"":1}","[{""column"":""VENDOR"",""relation"":""EQUALS"",""condition"":""Runaway Equestrian Co.""}]",Runaway Equestrian Co.,Runaway Equestrian Co. | The Equestrian,Shop Runaway Equestrian Co. products at The Equestrian. Quality equestrian supplies and equipment.,Browse our range of Runaway Equestrian Co. products.,,Runaway Equestrian Co.,[]
Shop & Buy Ariat Clothing & Footwear,ariat,/collections/ariat,"{""count"":208}","[{""column"":""TAG"",""relation"":""EQUALS"",""condition"":""ariat""}]",& Buy Ariat Clothing & Footwear,& Buy Ariat Clothing & Footwear | The Equestrian,Shop & Buy Ariat Clothing & Footwear products at The Equestrian. Quality equestrian supplies and equipment.,Browse our range of & Buy Ariat Clothing & Footwear products.,,& Buy Ariat Clothing & Footwear,[]
Shop & Buy Emcee Apparel,emcee-apparel,/collections/emcee-apparel,"{""count"":17}","[{""column"":""TAG"",""relation"":""EQUALS"",""condition"":""emcee apparel""}]",& Buy Emcee Apparel,& Buy Emcee Apparel | The Equestrian,Shop & Buy Emcee Apparel products at The Equestrian. Quality equestrian supplies and equipment.,Browse our range of & Buy Emcee Apparel products.,,& Buy Emcee Apparel,[]
Shop Acavallo Horse Riding Essentials,acavallo,/collections/acavallo,"{""count"":50}","[{""column"":""TAG"",""relation"":""EQUALS"",""condition"":""acavallo""}]",Acavallo Horse Riding Essentials,Acavallo Horse Riding Essentials | The Equestrian,Shop Acavallo Horse Riding Essentials products at The Equestrian. Quality equestrian supplies and equipment.,Browse our range of Acavallo Horse Riding Essentials products.,,Acavallo Horse Riding Essentials,[]
Shop Animo Equestrian Gear,animo,/collections/animo,"{""count"":35}","[{""column"":""TAG"",""relation"":""EQUALS"",""condition"":""animo""}]",Animo Equestrian Gear,Animo Equestrian Gear | The Equestrian,Shop Animo Equestrian Gear products at The Equestrian. Quality equestrian supplies and equipment.,Browse our range of Animo Equestrian Gear products.,,Animo Equestrian Gear,[]
Shop ANKY,anky,/collections/anky,"{""count"":5}","[{""column"":""TAG"",""relation"":""EQUALS"",""condition"":""anky""}]",ANKY,ANKY | The Equestrian,Shop ANKY products at The Equestrian. Quality equestrian supplies and equipment.,Browse our range of ANKY products.,,ANKY,[]
Shop Anna Scarpati,anna-scarpati,/collections/anna-scarpati,"{""count"":20}","[{""column"":""TAG"",""relation"":""EQUALS"",""condition"":""anna scarpati""}]",Anna Scarpati,Anna Scarpati | The Equestrian,Shop Anna Scarpati products at The Equestrian. Quality equestrian supplies and equipment.,Browse our range of Anna Scarpati products.,,Anna Scarpati,[]
Shop BARE Equestrian Apparel & Gear,bare-equestrian,/collections/bare-equestrian,"{""count"":90}",Manual Collection,BARE Equestrian Apparel & Gear,BARE Equestrian Apparel & Gear | The Equestrian,Shop BARE Equestrian Apparel & Gear products at The Equestrian. Quality equestrian supplies and equipment.,Browse our range of BARE Equestrian Apparel & Gear products.,,BARE Equestrian Apparel & Gear,[]
Shop Cavalleria Toscana Equestrian Apparel & Horse Gear,cavalleria-toscana,/collections/cavalleria-toscana,"{""count"":361}","[{""column"":""TAG"",""relation"":""EQUALS"",""condition"":""cavalleria toscana""}]",Cavalleria Toscana Equestrian Apparel & Horse Gear,Cavalleria Toscana Equestrian Apparel & Horse Gear | The Equestrian,Shop Cavalleria Toscana Equestrian Apparel & Horse Gear products at The Equestrian. Quality equestrian supplies and equipment.,Browse our range of Cavalleria Toscana Equestrian Apparel & Horse Gear products.,,Cavalleria Toscana Equestrian Apparel & Horse Gear,[]
Shop Cavallo Products,cavallo,/collections/cavallo,"{""count"":67}","[{""column"":""TAG"",""relation"":""EQUALS"",""condition"":""cavallo""}]",Cavallo Products,Cavallo Products | The Equestrian,Shop Cavallo Products products at The Equestrian. Quality equestrian supplies and equipment.,Browse our range of Cavallo Products products.,,Cavallo Products,[]
Shop Dy'On European Classic Equestrian Gear,dyon,/collections/dyon,"{""count"":34}","[{""column"":""TAG"",""relation"":""EQUALS"",""condition"":""dyon""}]",Dy'On European Classic Equestrian Gear,Dy'On European Classic Equestrian Gear | The Equestrian,Shop Dy'On European Classic Equestrian Gear products at The Equestrian. Quality equestrian supplies and equipment.,Browse our range of Dy'On European Classic Equestrian Gear products.,,Dy'On European Classic Equestrian Gear,[]
Shop Equiline Equestrian Gear,equiline,/collections/equiline,"{""count"":1}","[{""column"":""TAG"",""relation"":""EQUALS"",""condition"":""equiline""}]",Equiline Equestrian Gear,Equiline Equestrian Gear | The Equestrian,Shop Equiline Equestrian Gear products at The Equestrian. Quality equestrian supplies and equipment.,Browse our range of Equiline Equestrian Gear products.,,Equiline Equestrian Gear,[]
Shop Equipe,equipe,/collections/equipe,"{""count"":69}","[{""column"":""TAG"",""relation"":""EQUALS"",""condition"":""equipe""}]",Equipe,Equipe | The Equestrian,Shop Equipe products at The Equestrian. Quality equestrian supplies and equipment.,Browse our range of Equipe products.,,Equipe,[]
Shop Eurohunter Equestrian Gear & Accessories,eurohunter,/collections/eurohunter,"{""count"":166}","[{""column"":""TAG"",""relation"":""EQUALS"",""condition"":""eurohunter""}]",Eurohunter Equestrian Gear & Accessories,Eurohunter Equestrian Gear & Accessories | The Equestrian,Shop Eurohunter Equestrian Gear & Accessories products at The Equestrian. Quality equestrian supplies and equipment.,Browse our range of Eurohunter Equestrian Gear & Accessories products.,,Eurohunter Equestrian Gear & Accessories,[]
Shop FreeJump Stirrups & FreejumpSystem Range,freejump,/collections/freejump,"{""count"":9}","[{""column"":""TAG"",""relation"":""EQUALS"",""condition"":""freejump""}]",FreeJump Stirrups & FreejumpSystem Range,FreeJump Stirrups & FreejumpSystem Range | The Equestrian,Shop FreeJump Stirrups & FreejumpSystem Range products at The Equestrian. Quality equestrian supplies and equipment.,Browse our range of FreeJump Stirrups & FreejumpSystem Range products.,,FreeJump Stirrups & FreejumpSystem Range,[]
Shop Hairy Pony Grooming Products,hairy-pony,/collections/hairy-pony,"{""count"":48}","[{""column"":""TAG"",""relation"":""EQUALS"",""condition"":""hairy pony""}]",Hairy Pony Grooming Products,Hairy Pony Grooming Products | The Equestrian,Shop Hairy Pony Grooming Products products at The Equestrian. Quality equestrian supplies and equipment.,Browse our range of Hairy Pony Grooming Products products.,,Hairy Pony Grooming Products,[]
"Shop Kentucky Horsewear - Boots, Pads, Bonnets, Girths, Bandages & More",kentucky,/collections/kentucky,"{""count"":166}","[{""column"":""TAG"",""relation"":""EQUALS"",""condition"":""kentucky""}]","Kentucky Horsewear - Boots, Pads, Bonnets, Girths, Bandages & More","Kentucky Horsewear - Boots, Pads, Bonnets, Girths, Bandages & More | The Equestrian","Shop Kentucky Horsewear - Boots, Pads, Bonnets, Girths, Bandages & More products at The Equestrian. Quality equestrian supplies and equipment.","Browse our range of Kentucky Horsewear - Boots, Pads, Bonnets, Girths, Bandages & More products.",,"Kentucky Horsewear - Boots, Pads, Bonnets, Girths, Bandages & More",[]
Shop Noble Outfitters - Quality Equestrian Apparel & Accessories,noble-outfitters,/collections/noble-outfitters,"{""count"":8}","[{""column"":""TAG"",""relation"":""EQUALS"",""condition"":""noble""}]",Noble Outfitters - Quality Equestrian Apparel & Accessories,Noble Outfitters - Quality Equestrian Apparel & Accessories | The Equestrian,Shop Noble Outfitters - Quality Equestrian Apparel & Accessories products at The Equestrian. Quality equestrian supplies and equipment.,Browse our range of Noble Outfitters - Quality Equestrian Apparel & Accessories products.,,Noble Outfitters - Quality Equestrian Apparel & Accessories,[]
Shop Paddock Blade,paddock-blade,/collections/paddock-blade,"{""count"":7}","[{""column"":""TAG"",""relation"":""EQUALS"",""condition"":""paddock blade""}]",Paddock Blade,Paddock Blade | The Equestrian,Shop Paddock Blade products at The Equestrian. Quality equestrian supplies and equipment.,Browse our range of Paddock Blade products.,,Paddock Blade,[]
Shop Penelope Leprovost Equestrian Gear & Apparel,penelope-leprovost,/collections/penelope-leprovost,"{""count"":13}","[{""column"":""TAG"",""relation"":""EQUALS"",""condition"":""penelope leprevost""}]",Penelope Leprovost Equestrian Gear & Apparel,Penelope Leprovost Equestrian Gear & Apparel | The Equestrian,Shop Penelope Leprovost Equestrian Gear & Apparel products at The Equestrian. Quality equestrian supplies and equipment.,Browse our range of Penelope Leprovost Equestrian Gear & Apparel products.,,Penelope Leprovost Equestrian Gear & Apparel,[]
"Shop Prestige Saddles, Bridles & Equestrian Gear",prestige,/collections/prestige,"{""count"":11}","[{""column"":""TAG"",""relation"":""EQUALS"",""condition"":""prestige""}]","Prestige Saddles, Bridles & Equestrian Gear","Prestige Saddles, Bridles & Equestrian Gear | The Equestrian","Shop Prestige Saddles, Bridles & Equestrian Gear products at The Equestrian. Quality equestrian supplies and equipment.","Browse our range of Prestige Saddles, Bridles & Equestrian Gear products.",,"Prestige Saddles, Bridles & Equestrian Gear",[]
Shop Samshield Helmets & Equestrian Products,samshield,/collections/samshield,"{""count"":245}",Manual Collection,Samshield Helmets & Equestrian Products,Samshield Helmets & Equestrian Products | The Equestrian,Shop Samshield Helmets & Equestrian Products products at The Equestrian. Quality equestrian supplies and equipment.,Browse our range of Samshield Helmets & Equestrian Products products.,,Samshield Helmets & Equestrian Products,[]
Shop Thinline Global Australia,thinline-global-australia,/collections/thinline-global-australia,"{""count"":68}","[{""column"":""VENDOR"",""relation"":""EQUALS"",""condition"":""Thinline Global Australia""},{""column"":""TITLE"",""relation"":""CONTAINS"",""condition"":""Thinline""}]",Thinline Global Australia,Thinline Global Australia | The Equestrian,Shop Thinline Global Australia products at The Equestrian. Quality equestrian supplies and equipment.,Browse our range of Thinline Global Australia products.,,Thinline Global Australia,[]
Shop Wintec - Saddles & Equestrian Gear,wintec,/collections/wintec,"{""count"":15}","[{""column"":""TAG"",""relation"":""EQUALS"",""condition"":""wintec""}]",Wintec - Saddles & Equestrian Gear,Wintec - Saddles & Equestrian Gear | The Equestrian,Shop Wintec - Saddles & Equestrian Gear products at The Equestrian. Quality equestrian supplies and equipment.,Browse our range of Wintec - Saddles & Equestrian Gear products.,,Wintec - Saddles & Equestrian Gear,[]
"Shop Zilco Rugs, Horse Boots & Accessories",zilco,/collections/zilco,"{""count"":197}","[{""column"":""TAG"",""relation"":""EQUALS"",""condition"":""zilco""}]","Zilco Rugs, Horse Boots & Accessories","Zilco Rugs, Horse Boots & Accessories | The Equestrian","Shop Zilco Rugs, Horse Boots & Accessories products at The Equestrian. Quality equestrian supplies and equipment.","Browse our range of Zilco Rugs, Horse Boots & Accessories products.",,"Zilco Rugs, Horse Boots & Accessories",[]
Sterling Essentials,sterling-essentials,/collections/sterling-essentials,"{""count"":14}","[{""column"":""VENDOR"",""relation"":""EQUALS"",""condition"":""Sterling Essentials""}]",Sterling Essentials,Sterling Essentials | The Equestrian,Shop Sterling Essentials products at The Equestrian. Quality equestrian supplies and equipment.,Browse our range of Sterling Essentials products.,,Sterling Essentials,[]
The Barbie Collection,the-barbie-collection,/collections/the-barbie-collection,"{""count"":8}","[{""column"":""TAG"",""relation"":""EQUALS"",""condition"":""barbie""}]",The Barbie Collection,The Barbie Collection | The Equestrian,Shop The Barbie Collection products at The Equestrian. Quality equestrian supplies and equipment.,Browse our range of The Barbie Collection products.,,The Barbie Collection,[]
The Equestrian,the-equestrian,/collections/the-equestrian,"{""count"":37}","[{""column"":""VENDOR"",""relation"":""EQUALS"",""condition"":""The Equestrian""}]",The Equestrian,The Equestrian | The Equestrian,Shop The Equestrian products at The Equestrian. Quality equestrian supplies and equipment.,Browse our range of The Equestrian products.,,The Equestrian,[]
