handle,title,vendor,product_type,current_category_path,mapped_category_path,verdict,correct_category_path,notes,product_id,canonical_path
cavalleria-toscana-ct-wool-beanie,Cavalleria Toscana CT Wool beanie,Trailrace,Clothing - Ladies Clothing,/clothing/accessories/hats,/clothing/womens,correct,,,gid://shopify/Product/10641435951396,/clothing/accessories/hats/cavalleria-toscana-ct-wool-beanie
cavalleria-toscana-wool-beanie,Cavalleria Toscana Wool Beanie,Trailrace,Clothing - Ladies Clothing,/clothing/accessories/hats,/clothing/womens,correct,,,gid://shopify/Product/10641449779492,/clothing/accessories/hats/cavalleria-toscana-wool-beanie
noble-outfitters-peddies-girls,Noble Outfitters Peddies - Girls,Trailrace,Clothing - Kid's Clothing,/clothing/accessories/socks,/clothing/kids,correct,,,gid://shopify/Product/10641429954852,/clothing/accessories/socks/noble-outfitters-peddies-girls
samshield-mens-tie,Samshield Men's Tie,Trailrace,Clothing - Men's Clothing,/clothing/accessories/ties,/clothing/mens,correct,,,gid://shopify/Product/10641424154916,/clothing/accessories/ties/samshield-mens-tie
samshield-mens-tie-blazon,Samshield Men's Tie - Blazon,Trailrace,Clothing - Men's Clothing,/clothing/accessories/ties,/clothing/mens,correct,,,gid://shopify/Product/10641454792996,/clothing/accessories/ties/samshield-mens-tie-blazon
ariat-durayard-h20-ladies,Ariat Durayard H20 - Ladies,Trailrace,Boots,/clothing/footwear/casual,/clothing/footwear/boots,correct,,,gid://shopify/Product/10641413439780,/clothing/footwear/casual/ariat-durayard-h20-ladies
ariat-ladies-portland,Ariat Ladies Portland,Trailrace,Boots,/clothing/footwear/casual,/clothing/footwear/boots,correct,,,gid://shopify/Product/10641462264100,/clothing/footwear/casual/ariat-ladies-portland
ariat-mens-ralley,Ariat Mens Ralley,Trailrace,Boots,/clothing/footwear/casual,/clothing/footwear/boots,correct,,,gid://shopify/Product/10641460920612,/clothing/footwear/casual/ariat-mens-ralley
ariat-heritage-iv-zip-ladies,Ariat Heritage IV Zip - Ladies,Trailrace,Boots,/clothing/footwear/riding-boots,/clothing/footwear/boots,correct,,,gid://shopify/Product/10641414684964,/clothing/footwear/riding-boots/ariat-heritage-iv-zip-ladies
ego7-orion-long-boot-laces-black-size-34-39,Ego7 Orion Long Boot Laces - Black - Size 34-39,Trailrace,Boots,/clothing/footwear/riding-boots,/clothing/footwear/boots/,incorrect,/clothing/footwear/tall-boots,,gid://shopify/Product/10641405706532,/clothing/footwear/riding-boots/ego7-orion-long-boot-laces-black-size-34-39
ego7-orion-long-boot-laces-black-size-40-45,Ego7 Orion Long Boot Laces - Black- Size 40-45,Trailrace,Boots,/clothing/footwear/riding-boots,/clothing/footwear/boots,incorrect,/clothing/footwear/tall-boots,,gid://shopify/Product/10641405542692,/clothing/footwear/riding-boots/ego7-orion-long-boot-laces-black-size-40-45
ego7-taurus-short-boot-front-zip,Ego7 Taurus Short Boot Front Zip,Trailrace,Boots,/clothing/footwear/riding-boots,/clothing/footwear/boots,correct ,,,gid://shopify/Product/10641404625188,/clothing/footwear/riding-boots/ego7-taurus-short-boot-front-zip
tucci-galileo-patent-border-swarovski,Tucci Galileo Patent Border & Swarovski,Trailrace,Boots,/clothing/footwear/riding-boots,/clothing/footwear/boots,incorrect,/clothing/footwear/tall-boots,,gid://shopify/Product/10641404854564,/clothing/footwear/riding-boots/tucci-galileo-patent-border-swarovski
tucci-marilyn-long-boot,Tucci Marilyn Long Boot,Trailrace,Boots,/clothing/footwear/riding-boots,/clothing/footwear/boots,incorrect,,need a category pathr for /clothing/footwear/riding-boots/tall,gid://shopify/Product/10641442144548,/clothing/footwear/riding-boots/tucci-marilyn-long-boot
tucci-marilyn-short-boot-plain,Tucci Marilyn Short Boot Plain,Trailrace,Boots,/clothing/footwear/riding-boots,/clothing/footwear/boots,correct,,,gid://shopify/Product/10641404166436,/clothing/footwear/riding-boots/tucci-marilyn-short-boot-plain
tucci-time-sofia-patent-border-swarovski,Tucci Time Sofia Patent Border & Swarovski,Trailrace,Boots,/clothing/footwear/riding-boots,/clothing/footwear/boots,incorrect,/clothing/footwear/tall-boots,,gid://shopify/Product/10641413865764,/clothing/footwear/riding-boots/tucci-time-sofia-patent-border-swarovski
ego7-aries-long-boot-black-sizes-34-39,Ego7 Aries Long Boot - Black - Sizes 34-39,Trailrace,Boots,/clothing/footwear/tall-boots,/clothing/footwear/boots,incorrect,/clothing/footwear/tall-boots,,gid://shopify/Product/10641404887332,/clothing/footwear/tall-boots/ego7-aries-long-boot-black-sizes-34-39
ego7-aries-long-boot-black-sizes-40-45,Ego7 Aries Long Boot - Black - Sizes 40-45,Trailrace,Boots,/clothing/footwear/tall-boots,/clothing/footwear/boots,incorrect,/clothing/footwear/tall-boots,,gid://shopify/Product/10641404821796,/clothing/footwear/tall-boots/ego7-aries-long-boot-black-sizes-40-45
ego7-luca-long-boot,Ego7 Luca Long Boot,Trailrace,Boots,/clothing/footwear/tall-boots,/clothing/footwear/boots,incorrect,/clothing/footwear/tall-boots,,gid://shopify/Product/10641414553892,/clothing/footwear/tall-boots/ego7-luca-long-boot
tucci-galileo-field-boot,Tucci Galileo Field Boot,Trailrace,Boots,/clothing/footwear/tall-boots,/clothing/footwear/boots,incorrect,/clothing/footwear/tall-boots,,gid://shopify/Product/10641402822948,/clothing/footwear/tall-boots/tucci-galileo-field-boot
tucci-galileo-with-patent-wave-top,Tucci Galileo with Patent Wave Top,Trailrace,Boots,/clothing/footwear/tall-boots,/clothing/footwear/boots,incorrect,/clothing/footwear/tall-boots,,gid://shopify/Product/10641404035364,/clothing/footwear/tall-boots/tucci-galileo-with-patent-wave-top
tucci-harley-long-boots,Tucci Harley Long Boots,Trailrace,Boots,/clothing/footwear/tall-boots,/clothing/footwear/boots,incorrect,/clothing/footwear/tall-boots,,gid://shopify/Product/10641404920100,/clothing/footwear/tall-boots/tucci-harley-long-boots
tucci-harley-tall-boot-with-crystal,Tucci Harley Tall Boot with Crystal,Trailrace,Boots,/clothing/footwear/tall-boots,/clothing/footwear/boots,incorrect,/clothing/footwear/tall-boots,,gid://shopify/Product/10641458692388,/clothing/footwear/tall-boots/tucci-harley-tall-boot-with-crystal
tucci-marilyn-f-punched-long-boot,Tucci Marilyn F Punched Long Boot,Trailrace,Boots,/clothing/footwear/tall-boots,/clothing/footwear/boots,incorrect,/clothing/footwear/tall-boots,,gid://shopify/Product/10641404526884,/clothing/footwear/tall-boots/tucci-marilyn-f-punched-long-boot
tucci-time-sofia-tall-boot,Tucci  Time Sofia Tall boot,Trailrace,Boots,/clothing/footwear/tall-boots,/clothing/footwear/boots,incorrect,/clothing/footwear/tall-boots,,gid://shopify/Product/10641405509924,/clothing/footwear/tall-boots/tucci-time-sofia-tall-boot
ego7-aster-kids-tall-boots,Ego7 Aster Kids Tall Boots,Trailrace,Boots,/clothing/kids,/clothing/footwear/boots,incorrect,/clothing/footwear/tall-boots,,gid://shopify/Product/10641486905636,/clothing/kids/ego7-aster-kids-tall-boots
cavalleria-toscana-mens-ct-team-read-stripe-quilted-jacket,Cavalleria Toscana Men's CT Team Read Stripe Quilted Jacket,Trailrace,Clothing - Ladies Clothing,/clothing/mens/show-jackets,/clothing/womens,incorrect,,need a category pathr for /clothing/mens/jackets/casual,gid://shopify/Product/10641454399780,/clothing/mens/cavalleria-toscana-mens-ct-team-read-stripe-quilted-jacket
cavalleria-toscana-striped-lightweight-jacket-mens,Cavalleria Toscana Striped Lightweight Jacket-Men's,Trailrace,Clothing - Ladies Clothing,/clothing/mens,/clothing/womens,incorrect,,need a category pathr for /clothing/mens/jackets/casual,gid://shopify/Product/10641456562468,/clothing/mens/cavalleria-toscana-striped-lightweight-jacket-mens
ego7-mens-zip-sweatshirt,Ego7 Men's Zip Sweatshirt,Trailrace,Clothing - Ladies Clothing,/clothing/mens,/clothing/womens,correct,,,gid://shopify/Product/10641479237924,/clothing/mens/ego7-mens-zip-sweatshirt
ego7-mens-air-competition-jacket,Ego7 Men's Air Competition Jacket,Trailrace,Clothing - Ladies Clothing,/clothing/mens/show-jackets,/clothing/womens,correct,,,gid://shopify/Product/10641477599524,/clothing/mens/show-jackets/ego7-mens-air-competition-jacket
trolle-light-tech-class-riding-jacket-mens,Trolle Light Tech Class Riding Jacket - Men's,Trailrace,Clothing - Ladies Clothing,/clothing/mens/show-jackets,/clothing/womens,correct,,,gid://shopify/Product/10641526980900,/clothing/mens/show-jackets/trolle-light-tech-class-riding-jacket-mens
samshield-delia-raincoat,Samshield Delia Raincoat,Trailrace,Clothing - Ladies Clothing,/clothing/outerwear,/clothing/womens,correct,,,gid://shopify/Product/10641492443428,/clothing/outerwear/samshield-delia-raincoat
samshield-liv-long-raincoat,Samshield Liv Long Raincoat,Trailrace,Clothing - Ladies Clothing,/clothing/outerwear,/clothing/womens,correct,,,gid://shopify/Product/10641483989284,/clothing/outerwear/samshield-liv-long-raincoat
bare-equestrian-marni-jacket,BARE Equestrian Marni Jacket,Trailrace,Clothing - Ladies Clothing,/clothing/outerwear/jackets,/clothing/womens,correct,,,gid://shopify/Product/10641424482596,/clothing/outerwear/jackets/bare-equestrian-marni-jacket
cavalleria-toscana-mens-korean-jacket,Cavalleria Toscana Men's Korean Jacket,Trailrace,Clothing - Men's Clothing,/clothing/outerwear/jackets,/clothing/mens,incorrect,,need a category pathr for /clothing/mens/jackets/casual,gid://shopify/Product/10641399709988,/clothing/outerwear/jackets/cavalleria-toscana-mens-korean-jacket
cavalleria-toscana-mens-padded-jacket-with-hood,Cavalleria Toscana Men's Padded Jacket with Hood,Trailrace,Clothing - Men's Clothing,/clothing/outerwear/jackets,/clothing/mens,incorrect,,need a category pathr for /clothing/mens/jackets/casual,gid://shopify/Product/10641419665700,/clothing/outerwear/jackets/cavalleria-toscana-mens-padded-jacket-with-hood
cavalleria-toscana-mens-pocket-jacket,Cavalleria Toscana Men's Pocket Jacket,Trailrace,Clothing - Men's Clothing,/clothing/outerwear/jackets,/clothing/mens,incorrect,,need a category pathr for /clothing/mens/jackets/casual,gid://shopify/Product/10641400037668,/clothing/outerwear/jackets/cavalleria-toscana-mens-pocket-jacket
cavalleria-toscana-mens-tech-knit-bomber,Cavalleria Toscana Men's Tech Knit Bomber,Trailrace,Clothing - Men's Clothing,/clothing/outerwear/jackets,/clothing/mens,incorrect,,need a category pathr for /clothing/mens/jackets/casual,gid://shopify/Product/10641411309860,/clothing/outerwear/jackets/cavalleria-toscana-mens-tech-knit-bomber
cavalleria-toscana-varsity-jacket,Cavalleria Toscana Varsity Jacket,Trailrace,Whips,/clothing/outerwear/jackets,/rider/whips,correct,,,gid://shopify/Product/10641437065508,/clothing/outerwear/jackets/cavalleria-toscana-varsity-jacket
ego7-ladies-galy-luxe-padded-jacket,Ego7 Ladies Galy Luxe Padded Jacket,Trailrace,Clothing - Ladies Clothing,/clothing/outerwear/jackets,/clothing/womens,correct,,,gid://shopify/Product/10641473700132,/clothing/outerwear/jackets/ego7-ladies-galy-luxe-padded-jacket
samshield-billie-bomber-jacket,Samshield Billie Bomber Jacket,Trailrace,Clothing - Ladies Clothing,/clothing/outerwear/jackets,/clothing/womens,correct,,,gid://shopify/Product/10641491591460,/clothing/outerwear/jackets/samshield-billie-bomber-jacket
samshield-davos-down-jacket,Samshield Davos Down Jacket,Trailrace,Clothing - Ladies Clothing,/clothing/outerwear/jackets,/clothing/womens,correct,,,gid://shopify/Product/10641458430244,/clothing/outerwear/jackets/samshield-davos-down-jacket
samshield-gena-softshell-jacket-1,Samshield Gena Softshell Jacket,Trailrace,Clothing - Ladies Clothing,/clothing/outerwear/jackets,/clothing/womens,correct,,,gid://shopify/Product/10641476911396,/clothing/outerwear/jackets/samshield-gena-softshell-jacket-1
samshield-lisa-pull-over-ss25,Samshield Lisa Pull Over - SS25,Trailrace,Clothing - Ladies Clothing,/clothing/outerwear/jackets,/clothing/womens,correct,,,gid://shopify/Product/10641525014820,/clothing/outerwear/jackets/samshield-lisa-pull-over-ss25
samshield-liviana-rain-coat-ss25,Samshield Liviana Rain Coat - SS25,Trailrace,Clothing - Ladies Clothing,/clothing/outerwear/jackets,/clothing/womens,correct,,,gid://shopify/Product/10641524982052,/clothing/outerwear/jackets/samshield-liviana-rain-coat-ss25
samshield-melia-jacket,Samshield Melia Jacket,Trailrace,Clothing - Ladies Clothing,/clothing/outerwear/jackets,/clothing/womens,correct,,,gid://shopify/Product/10641492574500,/clothing/outerwear/jackets/samshield-melia-jacket
samshield-mens-st-moritz-jacket,Samshield Men's St Moritz Jacket,Trailrace,Clothing - Ladies Clothing,/clothing/outerwear/jackets,/clothing/womens,incorrect,,need a category pathr for /clothing/mens/jackets/casual,gid://shopify/Product/10641450991908,/clothing/outerwear/jackets/samshield-mens-st-moritz-jacket
cavalleria-toscana-ladies-gp-tails,Cavalleria Toscana Ladies GP Tails,Trailrace,Clothing - Ladies Clothing,/clothing/outerwear/riding-jackets,/clothing/womens,incorrect,,need a category /clothing/womens/riding-jacket - merge all current ladies riding jackets here,gid://shopify/Product/10641400529188,/clothing/outerwear/riding-jackets/cavalleria-toscana-ladies-gp-tails
cavalleria-toscana-light-tech-knit-zip-riding-jacket,Cavalleria Toscana Light Tech Knit Zip Riding Jacket,Trailrace,Clothing - Ladies Clothing,/clothing/outerwear/riding-jackets,/clothing/womens,incorrect,,need a category /clothing/womens/riding-jacket - merge all current ladies riding jackets here,gid://shopify/Product/10641445028132,/clothing/outerwear/riding-jackets/cavalleria-toscana-light-tech-knit-zip-riding-jacket
cavalleria-toscana-mens-tails-line-frack,Cavalleria Toscana Men's Tails (Line Frack),Trailrace,Clothing - Men's Clothing,/clothing/outerwear/riding-jackets,/clothing/mens,incorrect,,need a category /clothing/womens/riding-jacket - merge all current ladies riding jackets here,gid://shopify/Product/10641401577764,/clothing/outerwear/riding-jackets/cavalleria-toscana-mens-tails-line-frack
cavalleria-toscana-tech-knit-riding-jacket,Cavalleria Toscana Tech Knit Riding Jacket,Trailrace,Clothing - Ladies Clothing,/clothing/outerwear/riding-jackets,/clothing/womens,incorrect,,need a category /clothing/womens/riding-jacket - merge all current ladies riding jackets here,gid://shopify/Product/10641412325668,/clothing/outerwear/riding-jackets/cavalleria-toscana-tech-knit-riding-jacket
trailrace-riding-jacket,Trailrace Riding Jacket,Trailrace,Clothing - Ladies Clothing,/clothing/outerwear/riding-jackets,/clothing/womens,incorrect,,need a category /clothing/womens/riding-jacket - merge all current ladies riding jackets here,gid://shopify/Product/10641418682660,/clothing/outerwear/riding-jackets/trailrace-riding-jacket
cavalleria-toscana-ladies-embossed-line-tails,Cavalleria Toscana Ladies Embossed Line Tails,Trailrace,Clothing - Ladies Clothing,/clothing/outerwear/show-jackets,/clothing/womens,incorrect,,need a category /clothing/womens/riding-jacket - merge all current ladies riding jackets here,gid://shopify/Product/10641494475044,/clothing/outerwear/show-jackets/cavalleria-toscana-ladies-embossed-line-tails
cavalleria-toscana-ladies-tech-knit-tails,Cavalleria Toscana Ladies Tech Knit Tails,Trailrace,Clothing - Ladies Clothing,/clothing/outerwear/show-jackets,/clothing/womens,incorrect,,need a category /clothing/womens/riding-jacket - merge all current ladies riding jackets here,gid://shopify/Product/10641439949092,/clothing/outerwear/show-jackets/cavalleria-toscana-ladies-tech-knit-tails
cavalleria-toscana-perforated-gp-jacket,Cavalleria Toscana Perforated GP Jacket,Trailrace,Clothing - Ladies Clothing,/clothing/outerwear/show-jackets,/clothing/womens,incorrect,,need a category /clothing/womens/riding-jacket - merge all current ladies riding jackets here,gid://shopify/Product/10641413669156,/clothing/outerwear/show-jackets/cavalleria-toscana-perforated-gp-jacket
ego7-ladies-air-competition-jacket,Ego7 Ladies Air Competition Jacket,Trailrace,Clothing - Ladies Clothing,/clothing/outerwear/show-jackets,/clothing/womens,incorrect,,need a category /clothing/womens/riding-jacket - merge all current ladies riding jackets here,gid://shopify/Product/10641477140772,/clothing/outerwear/show-jackets/ego7-ladies-air-competition-jacket
samshield-alix-air-competition-jacket,Samshield Alix Air Competition Jacket,Trailrace,Clothing - Ladies Clothing,/clothing/outerwear/show-jackets,/clothing/womens,incorrect,,need a category /clothing/womens/riding-jacket - merge all current ladies riding jackets here,gid://shopify/Product/10641484382500,/clothing/outerwear/show-jackets/samshield-alix-air-competition-jacket
samshield-alix-air-riding-jacket-ss25,Samshield Alix Air Riding Jacket - SS25,Trailrace,Clothing - Ladies Clothing,/clothing/outerwear/show-jackets,/clothing/womens,incorrect,,need a category /clothing/womens/riding-jacket - merge all current ladies riding jackets here,gid://shopify/Product/10641523704100,/clothing/outerwear/show-jackets/samshield-alix-air-riding-jacket-ss25
samshield-crystal-fabric-short-tails,Samshield Crystal Fabric Short Tails,Trailrace,Clothing - Ladies Clothing,/clothing/outerwear/show-jackets,/clothing/womens,incorrect,,need a category /clothing/womens/riding-jacket - merge all current ladies riding jackets here,gid://shopify/Product/10641485594916,/clothing/outerwear/show-jackets/samshield-crystal-fabric-short-tails
samshield-florida-matt-competition-jacket,Samshield Florida Matt Competition Jacket,Trailrace,Clothing - Ladies Clothing,/clothing/outerwear/show-jackets,/clothing/womens,incorrect,,need a category /clothing/womens/riding-jacket - merge all current ladies riding jackets here,gid://shopify/Product/10641484316964,/clothing/outerwear/show-jackets/samshield-florida-matt-competition-jacket
samshield-frida-comp-jacket-ss24,Samshield Frida Comp Jacket - SS24,Trailrace,Clothing - Ladies Clothing,/clothing/outerwear/show-jackets,/clothing/womens,incorrect,,need a category /clothing/womens/riding-jacket - merge all current ladies riding jackets here,gid://shopify/Product/10641499095332,/clothing/outerwear/show-jackets/samshield-frida-comp-jacket-ss24
samshield-ladies-premium-tails-fw24,Samshield Ladies Premium Tails - FW24,Trailrace,Clothing - Ladies Clothing,/clothing/outerwear/show-jackets,/clothing/womens,incorrect,,need a category /clothing/womens/riding-jacket - merge all current ladies riding jackets here,gid://shopify/Product/10641511907620,/clothing/outerwear/show-jackets/samshield-ladies-premium-tails-fw24
samshield-louisa-matt-competition-jacket,Samshield Louisa Matt Competition Jacket,Trailrace,Clothing - Ladies Clothing,/clothing/outerwear/show-jackets,/clothing/womens,incorrect,,need a category /clothing/womens/riding-jacket - merge all current ladies riding jackets here,gid://shopify/Product/10641484218660,/clothing/outerwear/show-jackets/samshield-louisa-matt-competition-jacket
samshield-louisa-satin-competition-jacket,Samshield Louisa Satin Competition Jacket,Trailrace,Clothing - Ladies Clothing,/clothing/outerwear/show-jackets,/clothing/womens,incorrect,,need a category /clothing/womens/riding-jacket - merge all current ladies riding jackets here,gid://shopify/Product/10641492148516,/clothing/outerwear/show-jackets/samshield-louisa-satin-competition-jacket
samshield-olympe-crystal-jacket-fw24,Samshield Olympe Crystal Jacket - FW24,Trailrace,Clothing - Ladies Clothing,/clothing/outerwear/show-jackets,/clothing/womens,incorrect,,need a category /clothing/womens/riding-jacket - merge all current ladies riding jackets here,gid://shopify/Product/10641512005924,/clothing/outerwear/show-jackets/samshield-olympe-crystal-jacket-fw24
samshield-victorine-crystal-fabric-tall-ss24,Samshield Victorine Crystal Fabric Tall - SS24,Trailrace,Clothing - Ladies Clothing,/clothing/outerwear/show-jackets,/clothing/womens,incorrect,,need a category /clothing/womens/riding-jacket - merge all current ladies riding jackets here,gid://shopify/Product/10641500963108,/clothing/outerwear/show-jackets/samshield-victorine-crystal-fabric-tall-ss24
samshield-victorine-premium-jacket-fw24,Samshield Victorine Premium Jacket - FW24,Trailrace,Clothing - Ladies Clothing,/clothing/outerwear/show-jackets,/clothing/womens,incorrect,,need a category /clothing/womens/riding-jacket - merge all current ladies riding jackets here,gid://shopify/Product/10641511088420,/clothing/outerwear/show-jackets/samshield-victorine-premium-jacket-fw24
samshield-victorine-premium-tall-ss25,Samshield Victorine Premium - Tall - SS25,Trailrace,Clothing - Ladies Clothing,/clothing/outerwear/show-jackets,/clothing/womens,incorrect,,need a category /clothing/womens/riding-jacket - merge all current ladies riding jackets here,gid://shopify/Product/10641524687140,/clothing/outerwear/show-jackets/samshield-victorine-premium-tall-ss25
vestrum-providence-competition-jacket,Vestrum Providence Competition Jacket,Trailrace,Clothing - Ladies Clothing,/clothing/outerwear/show-jackets,/clothing/womens,incorrect,,need a category /clothing/womens/riding-jacket - merge all current ladies riding jackets here,gid://shopify/Product/10641436803364,/clothing/outerwear/show-jackets/vestrum-providence-competition-jacket
samshield-phoebe-pull-over-ss25,Samshield Phoebe Pull Over - SS25,Trailrace,Clothing - Ladies Clothing,/clothing/tops,/clothing/womens,correct,,,gid://shopify/Product/10641525080356,/clothing/tops/samshield-phoebe-pull-over-ss25
ariat-prix-2-0-polo,Ariat Prix 2.0 Polo,Trailrace,Clothing - Ladies Clothing,/clothing/tops/polo-shirts,/clothing/womens,correct,,,gid://shopify/Product/10641449582884,/clothing/tops/polo-shirts/ariat-prix-2-0-polo
cavalleria-toscana-horizontal-pin-stripe-l-s-training-polo,Cavalleria Toscana Horizontal Pin Stripe L/S Training Polo,Trailrace,Clothing - Ladies Clothing,/clothing/tops/polo-shirts,/clothing/womens,correct,,,gid://shopify/Product/10641461674276,/clothing/tops/polo-shirts/cavalleria-toscana-horizontal-pin-stripe-l-s-training-polo
cavalleria-toscana-jersey-knit-comp-polo,Cavalleria Toscana Jersey Knit Comp Polo,Trailrace,Clothing - Ladies Clothing,/clothing/tops/polo-shirts,/clothing/womens,correct,,,gid://shopify/Product/10641418420516,/clothing/tops/polo-shirts/cavalleria-toscana-jersey-knit-comp-polo
cavalleria-toscana-ladies-perforated-jersey-insert-comp-polo,Cavalleria Toscana Ladies Perforated  Jersey Insert Comp Polo,Trailrace,Clothing - Ladies Clothing,/clothing/tops/polo-shirts,/clothing/womens,correct,,,gid://shopify/Product/10641423434020,/clothing/tops/polo-shirts/cavalleria-toscana-ladies-perforated-jersey-insert-comp-polo
cavalleria-toscana-mens-competition-polo,Cavalleria Toscana Men's Competition Polo,Trailrace,Clothing - Men's Clothing,/clothing/tops/polo-shirts,/clothing/mens,correct,,,gid://shopify/Product/10641486676260,/clothing/tops/polo-shirts/cavalleria-toscana-mens-competition-polo
cavalleria-toscana-mens-perf-swipe-polo,Cavalleria Toscana Men's Perf Swipe Polo,Trailrace,Clothing - Men's Clothing,/clothing/tops/polo-shirts,/clothing/mens,correct,,,gid://shopify/Product/10641410130212,/clothing/tops/polo-shirts/cavalleria-toscana-mens-perf-swipe-polo
cavalleria-toscana-pleated-competition-polo,Cavalleria Toscana Pleated Competition Polo,Trailrace,Clothing - Ladies Clothing,/clothing/tops/polo-shirts,/clothing/womens,correct,,,gid://shopify/Product/10641491755300,/clothing/tops/polo-shirts/cavalleria-toscana-pleated-competition-polo
cavalleria-toscana-r-evo-epaulet-competition-shirt,Cavalleria Toscana R-Evo Epaulet Competition Shirt,Trailrace,Clothing - Ladies Clothing,/clothing/tops/polo-shirts,/clothing/womens,correct,,,gid://shopify/Product/10641456398628,/clothing/tops/polo-shirts/cavalleria-toscana-r-evo-epaulet-competition-shirt
cavalleria-toscana-r-evo-tech-knit-competition-polo,Cavalleria Toscana R-EVO Tech Knit Competition Polo,Trailrace,Clothing - Ladies Clothing,/clothing/tops/polo-shirts,/clothing/womens,correct,,,gid://shopify/Product/10641445159204,/clothing/tops/polo-shirts/cavalleria-toscana-r-evo-tech-knit-competition-polo
cavalleria-toscana-revo-premier-jersey-comp-polo-mens,Cavalleria Toscana REVO Premier Jersey  Comp Polo - Men's,Trailrace,Clothing - Men's Clothing,/clothing/tops/polo-shirts,/clothing/mens,correct,,,gid://shopify/Product/10641464459556,/clothing/tops/polo-shirts/cavalleria-toscana-revo-premier-jersey-comp-polo-mens
ct-mens-piquet-stretch-polo,CT Men's Piquet Stretch Polo,Trailrace,Clothing - Men's Clothing,/clothing/tops/polo-shirts,/clothing/mens,correct,,,gid://shopify/Product/10641423466788,/clothing/tops/polo-shirts/ct-mens-piquet-stretch-polo
ego7-air-polo-ladies,Ego7 Air Polo - Ladies,Trailrace,Clothing - Ladies Clothing,/clothing/tops/polo-shirts,/clothing/womens,correct,,,gid://shopify/Product/10641473634596,/clothing/tops/polo-shirts/ego7-air-polo-ladies
ego7-ladies-training-polo-tita,Ego7 Ladies Training Polo - TITA,Trailrace,Clothing - Ladies Clothing,/clothing/tops/polo-shirts,/clothing/womens,correct,,,gid://shopify/Product/10641498997028,/clothing/tops/polo-shirts/ego7-ladies-training-polo-tita
samshield-aloise-boreal-competition-polo-ss24,Samshield Aloise Boreal Competition Polo - SS24,Trailrace,Clothing - Ladies Clothing,/clothing/tops/polo-shirts,/clothing/womens,correct,,,gid://shopify/Product/10641499586852,/clothing/tops/polo-shirts/samshield-aloise-boreal-competition-polo-ss24
samshield-bruna-sleeveless-training-polo-ss24,Samshield Bruna Sleeveless Training Polo - SS24,Trailrace,Clothing - Ladies Clothing,/clothing/tops/polo-shirts,/clothing/womens,correct,,,gid://shopify/Product/10641501094180,/clothing/tops/polo-shirts/samshield-bruna-sleeveless-training-polo-ss24
samshield-bruna-sleeveless-training-polo-ss25,Samshield Bruna Sleeveless Training Polo - SS25,Trailrace,Clothing - Ladies Clothing,/clothing/tops/polo-shirts,/clothing/womens,correct,,,gid://shopify/Product/10641523867940,/clothing/tops/polo-shirts/samshield-bruna-sleeveless-training-polo-ss25
samshield-bruna-training-polo-ss24,Samshield Bruna Training Polo - SS24,Trailrace,Clothing - Ladies Clothing,/clothing/tops/polo-shirts,/clothing/womens,correct,,,gid://shopify/Product/10641503191332,/clothing/tops/polo-shirts/samshield-bruna-training-polo-ss24
samshield-brunella-training-polo-fw24,Samshield Brunella Training Polo - FW24,Trailrace,Clothing - Ladies Clothing,/clothing/tops/polo-shirts,/clothing/womens,correct,,,gid://shopify/Product/10641510826276,/clothing/tops/polo-shirts/samshield-brunella-training-polo-fw24
samshield-caroline-polo-long-sleeve,Samshield Caroline Polo - Long Sleeve,Trailrace,Clothing - Ladies Clothing,/clothing/tops/polo-shirts,/clothing/womens,correct,,,gid://shopify/Product/10641423237412,/clothing/tops/polo-shirts/samshield-caroline-polo-long-sleeve
samshield-celine-training-polo-ss24,Samshield Celine Training Polo - SS24,Trailrace,Clothing - Ladies Clothing,/clothing/tops/polo-shirts,/clothing/womens,correct,,,gid://shopify/Product/10641503322404,/clothing/tops/polo-shirts/samshield-celine-training-polo-ss24
samshield-darius-mens-training-polo,Samshield Darius Men's Training Polo,Trailrace,Clothing - Men's Clothing,/clothing/tops/polo-shirts,/clothing/mens,correct,,,gid://shopify/Product/10641489985828,/clothing/tops/polo-shirts/samshield-darius-mens-training-polo
samshield-elyfreshtec-training-polo-ss25,Samshield Elyfreshtec Training Polo - SS25,Trailrace,Clothing - Ladies Clothing,/clothing/tops/polo-shirts,/clothing/womens,correct,,,gid://shopify/Product/10641524588836,/clothing/tops/polo-shirts/samshield-elyfreshtec-training-polo-ss25
samshield-erina-crystal-training-polo,Samshield Erina Crystal Training Polo,Trailrace,Clothing - Ladies Clothing,/clothing/tops/polo-shirts,/clothing/womens,correct,,,gid://shopify/Product/10641492803876,/clothing/tops/polo-shirts/samshield-erina-crystal-training-polo
samshield-erina-long-sleeve-training-polo,Samshield Erina Long Sleeve Training Polo,Trailrace,Clothing - Ladies Clothing,/clothing/tops/polo-shirts,/clothing/womens,correct,,,gid://shopify/Product/10641474814244,/clothing/tops/polo-shirts/samshield-erina-long-sleeve-training-polo
samshield-louison-air-competition-polo-ss24,Samshield Louison Air Competition Polo - SS24,Trailrace,Clothing - Ladies Clothing,/clothing/tops/polo-shirts,/clothing/womens,correct,,,gid://shopify/Product/10641503289636,/clothing/tops/polo-shirts/samshield-louison-air-competition-polo-ss24
samshield-louison-polo,Samshield Louison Polo,Trailrace,Clothing - Ladies Clothing,/clothing/tops/polo-shirts,/clothing/womens,correct,,,gid://shopify/Product/10641459937572,/clothing/tops/polo-shirts/samshield-louison-polo
samshield-yasmina-sleeveless-competition-polo-ss25,Samshield Yasmina Sleeveless Competition Polo - SS25,Trailrace,Clothing - Ladies Clothing,/clothing/tops/polo-shirts,/clothing/womens,correct,,,gid://shopify/Product/10641525342500,/clothing/tops/polo-shirts/samshield-yasmina-sleeveless-competition-polo-ss25
tommy-hilfiger-harrison-pique-polo,Tommy Hilfiger Harrison Pique Polo,Trailrace,Clothing - Men's Clothing,/clothing/tops/polo-shirts,/clothing/mens,correct,,,gid://shopify/Product/10641541005604,/clothing/tops/polo-shirts/tommy-hilfiger-harrison-pique-polo
anna-scarpati-fires-23t-short-sleeve-competition-shirt,Anna Scarpati Fires 23T Short Sleeve Competition Shirt,Little Equine Co.,T-Shirt,/clothing/tops/shirts,/clothing/tops/tshirts,correct,,,gid://shopify/Product/10756724130084,/clothing/tops/shirts/anna-scarpati-fires-23t-short-sleeve-competition-shirt
bare-equestrian-zip-sweater,BARE Equestrian Zip Sweater,Trailrace,Clothing - Ladies Clothing,/clothing/tops/sweaters,/clothing/womens,correct,,,gid://shopify/Product/10641449451812,/clothing/tops/sweaters/bare-equestrian-zip-sweater
samshield-barbara-pull-over,Samshield Barbara Pull Over,Trailrace,Clothing - Ladies Clothing,/clothing/tops/sweaters,/clothing/womens,correct,,,gid://shopify/Product/10641493131556,/clothing/tops/sweaters/samshield-barbara-pull-over
samshield-lisa-twisted-v-neck,Samshield Lisa Twisted V Neck,Trailrace,Clothing - Ladies Clothing,/clothing/tops/sweaters,/clothing/womens,correct,,,gid://shopify/Product/10641492738340,/clothing/tops/sweaters/samshield-lisa-twisted-v-neck
samshield-lisa-v-neck-pull-over,Samshield Lisa V Neck Pull Over,Trailrace,Clothing - Ladies Clothing,/clothing/tops/sweaters,/clothing/womens,correct,,,gid://shopify/Product/10641484185892,/clothing/tops/sweaters/samshield-lisa-v-neck-pull-over
ariat-authentic-logo-t-shirt,Ariat Authentic Logo T-Shirt,Trailrace,Clothing - Ladies Clothing,/clothing/tops/tshirts,/clothing/womens,correct,,,gid://shopify/Product/10641454039332,/clothing/tops/tshirts/ariat-authentic-logo-t-shirt
ariat-shade-t-shirt,Ariat Shade T-Shirt,Trailrace,Clothing - Kid's Clothing,/clothing/tops/tshirts,/clothing/kids,correct,,,gid://shopify/Product/10641454104868,/clothing/tops/tshirts/ariat-shade-t-shirt
cavalleria-toscana-ct-dash-cotton-t-shirt,Cavalleria Toscana CT Dash Cotton T-Shirt,Trailrace,Clothing - Ladies Clothing,/clothing/tops/tshirts,/clothing/womens,correct,,,gid://shopify/Product/10641480155428,/clothing/tops/tshirts/cavalleria-toscana-ct-dash-cotton-t-shirt
cavalleria-toscana-ct-orbit-crew-neck-t-shirt-mens,Cavalleria Toscana CT Orbit Crew Neck T-Shirt-Men's,Trailrace,Clothing - Ladies Clothing,/clothing/tops/tshirts,/clothing/womens,correct,,,gid://shopify/Product/10641461870884,/clothing/tops/tshirts/cavalleria-toscana-ct-orbit-crew-neck-t-shirt-mens
cavalleria-toscana-ct-phase-out-t-shirt,Cavalleria Toscana CT Phase-Out T-Shirt,Trailrace,Clothing - Ladies Clothing,/clothing/tops/tshirts,/clothing/womens,correct,,,gid://shopify/Product/10641445093668,/clothing/tops/tshirts/cavalleria-toscana-ct-phase-out-t-shirt
cavalleria-toscana-mini-ct-flock-t-shirt,Cavalleria Toscana Mini CT Flock T-Shirt,Trailrace,Clothing - Ladies Clothing,/clothing/tops/tshirts,/clothing/womens,correct,,,gid://shopify/Product/10641456234788,/clothing/tops/tshirts/cavalleria-toscana-mini-ct-flock-t-shirt
cavalleria-toscana-r-evo-epaulet-t-shirt,Cavalleria Toscana R-Evo Epaulet T-Shirt,Trailrace,Clothing - Ladies Clothing,/clothing/tops/tshirts,/clothing/womens,correct,,,gid://shopify/Product/10641456333092,/clothing/tops/tshirts/cavalleria-toscana-r-evo-epaulet-t-shirt
performance-tee-black,Performance Tee-Black,JnK Collective,Shirts,/clothing/tops/tshirts,/clothing/tops/shirts,correct,,,gid://shopify/Product/10756768530724,/clothing/tops/tshirts/performance-tee-black
samshield-alba-metal-dots-t-shirt-ss25,Samshield Alba Metal Dots T-Shirt - SS25,Trailrace,Clothing - Ladies Clothing,/clothing/tops/tshirts,/clothing/womens,correct,,,gid://shopify/Product/10641524654372,/clothing/tops/tshirts/samshield-alba-metal-dots-t-shirt-ss25
samshield-albane-t-shirt-ss24,Samshield Albane T-Shirt- SS24,Trailrace,Clothing - Ladies Clothing,/clothing/tops/tshirts,/clothing/womens,correct,,,gid://shopify/Product/10641500504356,/clothing/tops/tshirts/samshield-albane-t-shirt-ss24
samshield-axella-long-sleeve-t-shirt,Samshield Axella Long Sleeve T-Shirt,Trailrace,Clothing - Ladies Clothing,/clothing/tops/tshirts,/clothing/womens,correct,,,gid://shopify/Product/10641474683172,/clothing/tops/tshirts/samshield-axella-long-sleeve-t-shirt
samshield-axelle-script-t-shirt,Samshield Axelle Script T-Shirt,Trailrace,Clothing - Ladies Clothing,/clothing/tops/tshirts,/clothing/womens,correct,,,gid://shopify/Product/10641489199396,/clothing/tops/tshirts/samshield-axelle-script-t-shirt
samshield-axelle-t-shirt-ss24,Samshield Axelle T-Shirt - SS24,Trailrace,Clothing - Ladies Clothing,/clothing/tops/tshirts,/clothing/womens,correct,,,gid://shopify/Product/10641503355172,/clothing/tops/tshirts/samshield-axelle-t-shirt-ss24
samshield-luana-seemless-shirt-ss24,Samshield Luana Seemless Shirt-SS24,Trailrace,Clothing - Ladies Clothing,/clothing/tops/tshirts,/clothing/womens,correct,,,gid://shopify/Product/10641504993572,/clothing/tops/tshirts/samshield-luana-seemless-shirt-ss24
samshield-priam-mens-t-shirt-ss25,Samshield Priam Men's T-Shirt - SS25,Trailrace,Clothing - Men's Clothing,/clothing/tops/tshirts,/clothing/mens,correct,,,gid://shopify/Product/10641523802404,/clothing/tops/tshirts/samshield-priam-mens-t-shirt-ss25
cavalleria-toscana-coated-nylon-quilted-vest,Cavalleria Toscana Coated Nylon Quilted Vest,Trailrace,Clothing - Ladies Clothing,/clothing/tops/vests,/clothing/womens,correct,,,gid://shopify/Product/10641420812580,/clothing/tops/vests/cavalleria-toscana-coated-nylon-quilted-vest
cavalleria-toscana-r-lab-quilted-vest,Cavalleria Toscana R-Lab Quilted Vest,Trailrace,Clothing - Ladies Clothing,/clothing/tops/vests,/clothing/womens,correct,,,gid://shopify/Product/10641422287140,/clothing/tops/vests/cavalleria-toscana-r-lab-quilted-vest
ego7-ladies-ramy-vest,Ego7 Ladies Ramy Vest,Trailrace,Clothing - Ladies Clothing,/clothing/tops/vests,/clothing/womens,correct,,,gid://shopify/Product/10641474847012,/clothing/tops/vests/ego7-ladies-ramy-vest
samshield-alta-badia-down-vest-ss24,Samshield Alta Badia Down Vest - SS24,Trailrace,Clothing - Ladies Clothing,/clothing/tops/vests,/clothing/womens,correct,,,gid://shopify/Product/10641500209444,/clothing/tops/vests/samshield-alta-badia-down-vest-ss24
samshield-chamonix-down-vest,Samshield Chamonix Down Vest,Trailrace,Clothing - Ladies Clothing,/clothing/tops/vests,/clothing/womens,correct,,,gid://shopify/Product/10641451745572,/clothing/tops/vests/samshield-chamonix-down-vest
samshield-chamonix-padded-vest,Samshield Chamonix Padded Vest,Trailrace,Clothing - Ladies Clothing,/clothing/tops/vests,/clothing/womens,correct,,,gid://shopify/Product/10641491656996,/clothing/tops/vests/samshield-chamonix-padded-vest
vestrum-les-arcs-down-vest,Vestrum Les Arcs Down Vest,Trailrace,Clothing - Ladies Clothing,/clothing/tops/vests,/clothing/womens,correct,,,gid://shopify/Product/10641411047716,/clothing/tops/vests/vestrum-les-arcs-down-vest
cavalleria-toscana-ct-dash-breeches-boys,Cavalleria Toscana CT Dash Breeches - Boys,Trailrace,Clothing - Kid's Clothing,/clothing/womens/breeches,/clothing/kids,incorrect,/clothing/childrens/breeches,do we have this,gid://shopify/Product/10641482875172,/clothing/womens/breeches/cavalleria-toscana-ct-dash-breeches-boys
bare-youth-competition-tights,BARE Youth Competition Tights,Trailrace,Clothing - Kid's Clothing,/clothing/womens/tights,/clothing/kids,correct ,,,gid://shopify/Product/10641421697316,/clothing/womens/tights/bare-youth-competition-tights
bare-youth-thermofit-winter-performance-riding-tights,BARE Youth ThermoFit Winter Performance Riding Tights,Trailrace,Clothing - Kid's Clothing,/clothing/womens/tights,/clothing/kids,correct,,,gid://shopify/Product/10641424711972,/clothing/womens/tights/bare-youth-thermofit-winter-performance-riding-tights
ca-performers-ear-bonnet,CA Performers Ear Bonnet,Trailrace,Strapping - Bridles - Bridle Accessories,/horse/bonnets,/horse/tack/bridles,correct,,,gid://shopify/Product/10641458463012,/horse/bonnets/ca-performers-ear-bonnet
flyveils-by-design-budget-flymask,Flyveils By Design Budget Flymask,Trailrace,Fly Control,/horse/bonnets,/horse/stable/fly-control,incorrect,/horse/bonnets/fly-masks,,gid://shopify/Product/10641409573156,/horse/bonnets/flyveils-by-design-budget-flymask
flyveils-by-design-flymask-fur-trim-nose,Flyveils By Design Flymask - Fur trim + Nose,Trailrace,Fly Control,/horse/bonnets,/horse/stable/fly-control,incorrect,/horse/bonnets/fly-masks,,gid://shopify/Product/10641408721188,/horse/bonnets/flyveils-by-design-flymask-fur-trim-nose
flyveils-by-design-flymask-mesh-nose,Flyveils By Design Flymask - Mesh Nose,Trailrace,Fly Control,/horse/bonnets,/horse/stable/fly-control,incorrect,/horse/bonnets/fly-masks,,gid://shopify/Product/10641408917796,/horse/bonnets/flyveils-by-design-flymask-mesh-nose
kentucky-horsewear-classic-saddle-pad-jumping,Kentucky Horsewear Classic Saddle Pad - Jumping,Trailrace,Saddle Cloths,/horse/bonnets,/horse/pads,incorrect,/horse/pads/jumping,,gid://shopify/Product/10641458495780,/horse/bonnets/kentucky-horsewear-classic-saddle-pad-jumping
kentucky-horsewear-fly-mask-slim-fit,Kentucky Horsewear Fly Mask Slim Fit,Trailrace,Fly Control,/horse/bonnets,/horse/stable/fly-control,incorrect,/horse/bonnets/fly-masks,,gid://shopify/Product/10641444831524,/horse/bonnets/kentucky-horsewear-fly-mask-slim-fit
wild-horse-3-dart-fly-veil,Wild Horse 3 Dart Fly Veil,Trailrace,Fly Control,/horse/bonnets,/horse/stable/fly-control,incorrect,/horse/bonnets/fly-masks,,gid://shopify/Product/10641410392356,/horse/bonnets/wild-horse-3-dart-fly-veil
wild-horse-3-dart-fly-veil-ears,Wild horse 3 Dart Fly Veil - Ears,Trailrace,Fly Control,/horse/bonnets,/horse/stable/fly-control,incorrect,/horse/bonnets/fly-masks,,gid://shopify/Product/10641409343780,/horse/bonnets/wild-horse-3-dart-fly-veil-ears
wild-horse-3-dart-fly-veil-ears-nose,Wild Horse 3 Dart Fly Veil - Ears & Nose,Trailrace,Fly Control,/horse/bonnets,/horse/stable/fly-control,incorrect,/horse/bonnets/fly-masks,,gid://shopify/Product/10641409311012,/horse/bonnets/wild-horse-3-dart-fly-veil-ears-nose
wild-horse-3-dart-fly-veil-mesh-nose,Wild Horse 3 Dart Fly Veil - Mesh Nose,Trailrace,Fly Control,/horse/bonnets,/horse/stable/fly-control,incorrect,/horse/bonnets/fly-masks,,gid://shopify/Product/10641409016100,/horse/bonnets/wild-horse-3-dart-fly-veil-mesh-nose
wild-horse-3-dart-fly-veil-wrs-nose,Wild Horse 3 Dart Fly Veil - WRS Nose,Trailrace,Fly Control,/horse/bonnets,/horse/stable/fly-control,incorrect,/horse/bonnets/fly-masks,,gid://shopify/Product/10641408655652,/horse/bonnets/wild-horse-3-dart-fly-veil-wrs-nose
wild-horse-flyveil-highlighter,Wild Horse Flyveil Highlighter,Trailrace,Fly Control,/horse/bonnets,/horse/stable/fly-control,incorrect,/horse/bonnets/fly-masks,,gid://shopify/Product/10641449976100,/horse/bonnets/wild-horse-flyveil-highlighter
wild-horse-riding-flyveil-3-dart,Wild Horse Riding Flyveil-3 Dart,Trailrace,Fly Control,/horse/bonnets,/horse/stable/fly-control,incorrect,/horse/bonnets/fly-masks,,gid://shopify/Product/10641451319588,/horse/bonnets/wild-horse-riding-flyveil-3-dart
wild-horse-ultimate-uv-flyveil-3-darts,Wild Horse Ultimate UV Flyveil-3 Darts,Trailrace,Fly Control,/horse/bonnets,/horse/stable/fly-control,incorrect,/horse/bonnets/fly-masks,,gid://shopify/Product/10641450205476,/horse/bonnets/wild-horse-ultimate-uv-flyveil-3-darts
flyveils-by-design-flymask-100-uv-nose,Flyveils By Design Flymask 100% UV nose,Trailrace,Fly Control,/horse/bonnets/fly-masks,/horse/stable/fly-control,incorrect,/horse/bonnets/fly-masks,,gid://shopify/Product/10641408852260,/horse/bonnets/fly-masks/flyveils-by-design-flymask-100-uv-nose
flyveils-by-design-flymask-fur-trim,Flyveils By Design Flymask - Fur trim,Trailrace,Fly Control,/horse/bonnets/fly-masks,/horse/stable/fly-control,incorrect,/horse/bonnets/fly-masks,,gid://shopify/Product/10641408983332,/horse/bonnets/fly-masks/flyveils-by-design-flymask-fur-trim
kentucky-horsewear-fly-mask-pro,Kentucky Horsewear Fly Mask Pro,Trailrace,Fly Control,/horse/bonnets/fly-masks,/horse/stable/fly-control,incorrect,/horse/bonnets/fly-masks,,gid://shopify/Product/10641499160868,/horse/bonnets/fly-masks/kentucky-horsewear-fly-mask-pro
kentucky-horsewear-mesh-fly-combo,Kentucky Horsewear Mesh Fly Combo,Trailrace,Horse Rugs,/horse/bonnets/fly-masks,/horse/rugs,incorrect,/horse/bonnets/fly-masks,,gid://shopify/Product/10641458659620,/horse/bonnets/fly-masks/kentucky-horsewear-mesh-fly-combo
shanga-bug-rug-recovery-head-piece,Shanga Bug Rug - Recovery Head Piece,Trailrace,Horse Rugs,/horse/bonnets/fly-masks,/horse/rugs,incorrect,/horse/rugs,,gid://shopify/Product/10641412129060,/horse/bonnets/fly-masks/shanga-bug-rug-recovery-head-piece
woof-wear-fly-mask,Woof Wear Fly Mask,Trailrace,Fly Control,/horse/bonnets/fly-masks,/horse/stable/fly-control,incorrect,/horse/bonnets/fly-masks,,gid://shopify/Product/10641456431396,/horse/bonnets/fly-masks/woof-wear-fly-mask
kentucky-horsewear-magnetic-rug-recuptex,Kentucky Horsewear Magnetic Rug Recuptex,Trailrace,Horse Rugs,/horse/boots,/horse/rugs,incorrect,/horse/rugs/therapeutic,,gid://shopify/Product/10641430774052,/horse/boots/kentucky-horsewear-magnetic-rug-recuptex
cavallo-boot-shapers,Cavallo Boot Shapers,Little Equine Co.,Tall Boots,/horse/boots/accessories,/clothing/footwear/tall-boots,incorrect,/clothing/footwear/accessories,,gid://shopify/Product/10756723704100,/horse/boots/accessories/cavallo-boot-shapers
double-clip,Double Clip,Trailrace,Racing,/horse/halters,/horse/racing,correct,,,gid://shopify/Product/10641433854244,/horse/halters/double-clip
equipe-leather-lead-with-chain,Equipe Leather Lead with Chain,Trailrace,Strapping,/horse/halters/lead-ropes,/horse/tack,correct,,,gid://shopify/Product/10641402429732,/horse/halters/lead-ropes/equipe-leather-lead-with-chain
race-day-lead-double-clip,Race Day Lead - Double clip,Trailrace,Racing,/horse/halters/lead-ropes,/horse/racing,correct,,,gid://shopify/Product/10641440735524,/horse/halters/lead-ropes/race-day-lead-double-clip
theramatt-saddlecloth-track-pad,Theramatt Saddlecloth - Track Pad,Trailrace,Racing,/horse/pads,/horse/racing,correct,,,gid://shopify/Product/10641434804516,/horse/pads/theramatt-saddlecloth-track-pad
veredus-absolute-dressage-boots-easy-strap,Veredus Absolute Dressage Boots - Easy Strap,Trailrace,Horse Boots,/horse/pads/dressage,/horse/boots,incorrect,/horse/boots,,gid://shopify/Product/10556236103972,/horse/pads/dressage/veredus-absolute-dressage-boots-easy-strap
veredus-absolute-dressage-boots-elastic,Veredus Absolute Dressage Boots - Elastic,Trailrace,Horse Boots,/horse/pads/dressage,/horse/boots,incorrect,/horse/boots,,gid://shopify/Product/10556235907364,/horse/pads/dressage/veredus-absolute-dressage-boots-elastic
acavallo-memory-foam-wool-half-pad,Acavallo Memory Foam & Wool Half Pad,Trailrace,Saddles,/horse/pads/half-pads,/horse/saddles,correct,,,gid://shopify/Product/10641427038500,/horse/pads/half-pads/acavallo-memory-foam-wool-half-pad
pei-azzure-anti-slip-jump-pad,PEI Azzure Anti-Slip Jump pad,,All Purpose Pads,/horse/pads/jumping,/horse/pads/all-purpose,correct,,,gid://shopify/Product/6965661073489,/horse/pads/jumping/pei-azzure-anti-slip-jump-pad
psos-jump-pad-black-ruffle-boss-bitch-mode,"PSOS Jump Pad Black Ruffle ""Boss Bitch Mode!""Â ",,All Purpose Pads,/horse/pads/jumping,/horse/pads/all-purpose,correct,,,gid://shopify/Product/6965666185297,/horse/pads/jumping/psos-jump-pad-black-ruffle-boss-bitch-mode
psos-jump-pole-grey,PSOS Jump -  Pole Grey,,All Purpose Pads,/horse/pads/jumping,/horse/pads/all-purpose,correct,,,gid://shopify/Product/6965666086993,/horse/pads/jumping/psos-jump-pole-grey
psos-jump-saddle-pad-deep-sapphire-go-for-it,"PSOS Jump Saddle Pad Deep Sapphire - ""Go for it""",,All Purpose Pads,/horse/pads/jumping,/horse/pads/all-purpose,correct,,,gid://shopify/Product/6965666381905,/horse/pads/jumping/psos-jump-saddle-pad-deep-sapphire-go-for-it
psos-jump-saddle-pad-emerald-dreams-do-come-true,"PSOS Jump Saddle Pad Emerald - ""Dreams do come true""",,All Purpose Pads,/horse/pads/jumping,/horse/pads/all-purpose,correct,,,gid://shopify/Product/6965666480209,/horse/pads/jumping/psos-jump-saddle-pad-emerald-dreams-do-come-true
psos-jump-saddle-pad-scarlet-standing-ovations,"PSOS Jump Saddle Pad Scarlet - ""Standing Ovations""",,All Purpose Pads,/horse/pads/jumping,/horse/pads/all-purpose,correct,,,gid://shopify/Product/6965666512977,/horse/pads/jumping/psos-jump-saddle-pad-scarlet-standing-ovations
lycra-race-hood-with-neoprene-ears,Lycra Race Hood With Neoprene Ears,Trailrace,Racing,/horse/rugs,/horse/racing,incorrect,/horse/racing,,gid://shopify/Product/10641429070116,/horse/rugs/lycra-race-hood-with-neoprene-ears
unlined-waler-canvas-rug,Unlined 'Waler' Canvas Rug,Trailrace,Horse Boots,/horse/rugs,/horse/boots,incorrect,/horse/rugs/canvas,,gid://shopify/Product/10641428316452,/horse/rugs/unlined-waler-canvas-rug
equipe-emporio-jump-saddle,Equipe Emporio Jump Saddle,Trailrace,Grooming,/horse/saddles/jumping,/horse/grooming,correct,,,gid://shopify/Product/10641446633764,/horse/saddles/jumping/equipe-emporio-jump-saddle
miracle-collar-anti-windsucking-collar,Miracle Collar - Anti Windsucking Collar,Trailrace,Strapping,/horse/stable,/horse/tack,correct ,,,gid://shopify/Product/10641434673444,/horse/stable/miracle-collar-anti-windsucking-collar
tucci-harley-short-boot,Tucci Harley Short Boot,Trailrace,Boots,/horse/stable,/clothing/footwear/boots,incorrect,/clothing/footwear/riding-boots,,gid://shopify/Product/10641404789028,/horse/stable/tucci-harley-short-boot
tucci-boot-cream,Tucci Boot Cream,Trailrace,Boots - Boot Accessories,/horse/stable/leather-care,/horse/boots/accessories,correct,,,gid://shopify/Product/10641402855716,/horse/stable/leather-care/tucci-boot-cream
kentucky-sheepskin-breastplate-cover,Kentucky Sheepskin Breastplate Cover,Trailrace,Strapping - Strapping Accessories,/horse/tack/breastplates,/horse/tack/accessories,correct,,,gid://shopify/Product/10641412096292,/horse/tack/breastplates/kentucky-sheepskin-breastplate-cover
padded-pvc-bridle-with-cavesson,Padded PVC Bridle With Cavesson,Trailrace,Racing,/horse/tack/bridles,/horse/racing,correct,,,gid://shopify/Product/10641428676900,/horse/tack/bridles/padded-pvc-bridle-with-cavesson
all-elastic-race-girth-75mm-standard,All Elastic Race Girth 75mm- Standard,Trailrace,Racing,/horse/tack/girths,/horse/racing,correct,,,gid://shopify/Product/10641427595556,/horse/tack/girths/all-elastic-race-girth-75mm-standard
elastic-exercise-girth,Elastic Exercise Girth,Trailrace,Racing,/horse/tack/girths,/horse/racing,correct,,,gid://shopify/Product/10641461248292,/horse/tack/girths/elastic-exercise-girth
zilco-girth-with-black-fleece,Zilco Girth with Black Fleece,Trailrace,Gifts,/horse/tack/girths,/accessories/gifts,correct,,,gid://shopify/Product/10641449484580,/horse/tack/girths/zilco-girth-with-black-fleece
equipe-drop-nose-band,Equipe Drop Nose band,Trailrace,Strapping - Bridles,/horse/tack/nosebands,/horse/tack/bridles,correct,,,gid://shopify/Product/10641400332580,/horse/tack/nosebands/equipe-drop-nose-band
equipe-lemmann-noseband,Equipe Lemmann Noseband,Trailrace,Strapping - Bridles,/horse/tack/nosebands,/horse/tack/bridles,correct,,,gid://shopify/Product/10641402986788,/horse/tack/nosebands/equipe-lemmann-noseband
equipe-rawhide-hanoverian-noseband,Equipe Rawhide Hanoverian Noseband,Trailrace,Strapping - Bridles,/horse/tack/nosebands,/horse/tack/bridles,correct,,,gid://shopify/Product/10641402757412,/horse/tack/nosebands/equipe-rawhide-hanoverian-noseband
kentucky-sheepskin-noseband-cover,Kentucky Sheepskin Noseband cover,Trailrace,Strapping - Strapping Accessories,/horse/tack/nosebands,/horse/tack/accessories,correct,,,gid://shopify/Product/10641411834148,/horse/tack/nosebands/kentucky-sheepskin-noseband-cover
loop-end-race-reins,Loop End Race Reins,Trailrace,Racing,/horse/tack/reins,/horse/racing,correct,,,gid://shopify/Product/10641446830372,/horse/tack/reins/loop-end-race-reins
ezy-ride-kiddy-up-saddle-adjuster,Ezy Ride Kiddy Up Saddle Adjuster,Trailrace,Saddles - Saddle Accessories,/horse/tack/stirrup-irons,/horse/saddles/accessories,correct,,,gid://shopify/Product/10641449943332,/horse/tack/stirrup-irons/ezy-ride-kiddy-up-saddle-adjuster
equi-wing-nylon-stirrups,Equi-Wing Nylon Stirrups,Trailrace,Stirrup Irons,/horse/tack/stirrup-leathers,/horse/tack/stirrup-irons,incorrect,/horse/tack/stirrups,,gid://shopify/Product/10641434640676,/horse/tack/stirrup-leathers/equi-wing-nylon-stirrups
tech-stirrups-siena,Tech Stirrups Siena,Trailrace,Stirrup Irons,/horse/tack/stirrup-leathers,/horse/tack/stirrup-irons,,/horse/tack/stirrups,,gid://shopify/Product/10641446437156,/horse/tack/stirrup-leathers/tech-stirrups-siena
waldhausen-stirrup-covers,Waldhausen Stirrup Covers,Trailrace,Stirrup Irons - Stirrup Accessories,/horse/tack/stirrup-leathers,/horse/tack/stirrup-irons,,/horse/tack/stirrups,,gid://shopify/Product/10641428513060,/horse/tack/stirrup-leathers/waldhausen-stirrup-covers
lunge-roller-girth-with-fleece,Lunge Roller & Girth with Fleece,Trailrace,Strapping,/horse/training/lunge-equipment,/horse/tack,correct,,,gid://shopify/Product/10641433592100,/horse/training/lunge-equipment/lunge-roller-girth-with-fleece
007-mineral-salt-blocks,007 Mineral Salt Blocks,Trailrace,Stable Accessories,/horse/veterinary,/horse/stable,incorrect,/horse/veterinary/supplements,,gid://shopify/Product/10641418322212,/horse/veterinary/007-mineral-salt-blocks
kelato-red-hot-paste-1,Kelato Red Hot Paste,Trailrace,Stable Accessories,/horse/veterinary,/horse/stable,incorrect,/horse/veterinary/supplements,,gid://shopify/Product/10641425531172,/horse/veterinary/kelato-red-hot-paste-1
samshield-stock-spring-flower-ss25,Samshield Stock - Spring Flower - SS25,Trailrace,Clothing - Ladies Clothing,/rider/accessories/hair,/clothing/womens,correct,,,gid://shopify/Product/10641525145892,/rider/accessories/hair/samshield-stock-spring-flower-ss25
bare-equestrian-evie-headband,BARE Equestrian Evie Headband,Trailrace,Clothing - Clothing Accessories,/rider/accessories/headbands,/clothing/accessories,correct,,,gid://shopify/Product/10641443488036,/rider/accessories/headbands/bare-equestrian-evie-headband
bare-equestrian-maia-headband,BARE Equestrian Maia Headband,Trailrace,Clothing - Clothing Accessories,/rider/accessories/headbands,/clothing/accessories,correct,,,gid://shopify/Product/10641430184228,/rider/accessories/headbands/bare-equestrian-maia-headband
samshield-amalie-bonnie-headband,Samshield Amalie Bonnie Headband,Trailrace,Clothing - Clothing Accessories,/rider/accessories/headbands,/clothing/accessories,correct,,,gid://shopify/Product/10641477894436,/rider/accessories/headbands/samshield-amalie-bonnie-headband
ego7-lyra-half-chap,Ego7 Lyra Half Chap,Trailrace,Boots,/rider/chaps,/clothing/footwear/boots,correct,,,gid://shopify/Product/10641404690724,/rider/chaps/ego7-lyra-half-chap
tucci-classic-half-chap,Tucci Classic Half Chap,Trailrace,Boots,/rider/chaps,/clothing/footwear/boots,correct,,,gid://shopify/Product/10641403248932,/rider/chaps/tucci-classic-half-chap
tucci-harley-half-chap,Tucci Harley Half Chap,Trailrace,Boots,/rider/chaps,/clothing/footwear/boots,correct,,,gid://shopify/Product/10641404723492,/rider/chaps/tucci-harley-half-chap
tucci-marilyn-chap-punched,Tucci Marilyn Chap Punched,Trailrace,Boots,/rider/chaps,/clothing/footwear/boots,correct,,,gid://shopify/Product/10641404657956,/rider/chaps/tucci-marilyn-chap-punched
tucci-marilyn-chap-punched-patent,Tucci Marilyn Chap Punched Patent,Trailrace,Boots,/rider/chaps,/clothing/footwear/boots,correct,,,gid://shopify/Product/10641403969828,/rider/chaps/tucci-marilyn-chap-punched-patent
tucci-marilyn-plain-chap,Tucci Marilyn Plain Chap,Trailrace,Boots,/rider/chaps,/clothing/footwear/boots,correct,,,gid://shopify/Product/10641404231972,/rider/chaps/tucci-marilyn-plain-chap
equipe-sheepskin-glove,Equipe Sheepskin Glove,Trailrace,Saddles - Saddle Accessories,/rider/gloves,/horse/saddles/accessories,correct,,,gid://shopify/Product/10641446666532,/rider/gloves/equipe-sheepskin-glove
ariat-team-tall-boot-bag,Ariat Team Tall Boot Bag,Trailrace,Boots - Boot Accessories,/rider/luggage/ariat,/horse/boots/accessories,correct,,,gid://shopify/Product/10641456988452,/rider/luggage/ariat/ariat-team-tall-boot-bag
cavallo-boot-bag,Cavallo Boot Bag,Little Equine Co.,Tall Boots,/rider/luggage/bags,/clothing/footwear/tall-boots,correct,,,gid://shopify/Product/10756723999012,/rider/luggage/bags/cavallo-boot-bag