from,to,method,confidence,reasoning,is_new_category
/collections/saddles,/horse/saddles,exact-match,high,Already in redirects CSV,no
/collections/horse-rugs,/horse/rugs,exact-match,high,Already in redirects CSV,no
/collections/footwear,/clothing/footwear,exact-match,high,Already in redirects CSV,no
/collections/horse-boots,/horse/boots,exact-match,high,Already in redirects CSV,no
/collections/horse-bandages,/horse/boots/bandages,exact-match,high,Already in redirects CSV,no
/collections/horse-grooming-supplies,/horse/grooming,exact-match,high,Already in redirects CSV,no
/collections/horse-health,/horse/veterinary,exact-match,high,Already in redirects CSV,no
/collections/saddle-pads,/horse/pads,exact-match,high,Already in redirects CSV,no
/collections/horse-riding-apparel,/clothing,exact-match,high,Already in redirects CSV,no
/collections/horse-riding-helmets,/rider/helmets,exact-match,high,Already in redirects CSV,no
/collections/strapping,/horse/grooming/products,ai-suggested,high,Strapping is a traditional horse grooming term referring to muscle massaging/toning with a grooming pad or strapping cloth. This fits best under horse grooming products as it's a grooming technique and associated equipment.,no
/collections/horse-halters,/horse/halters,exact-match,high,Already in redirects CSV,no
/collections/horse-toys,/horse/stable/treats,exact-match,high,Already in redirects CSV,no
/collections/horse-jewellery,/rider/jewellery,exact-match,high,Already in redirects CSV,no
/collections/pets,/pet,exact-match,high,Already in redirects CSV,no
/collections/horse-riding-accessories,/rider/accessories,exact-match,high,Already in redirects CSV,no
/collections/feed,/horse/stable/feed,exact-match,high,Already in redirects CSV,no
/collections/stable-and-yard,/horse/stable,exact-match,high,Already in redirects CSV,no
/collections/clippers,/horse/stable/clippers,exact-match,high,Already in redirects CSV,no
/collections/body-protectors,/rider/body-protectors,exact-match,high,Already in redirects CSV,no
/collections/horse-bits,/horse/bits,exact-match,high,Already in redirects CSV,no
/collections/trailrace-equestrian-outfitters,/accessories/gifts,ai-suggested,medium,"Trailrace Equestrian Outfitters appears to be a brand or general store collection rather than a specific product category. Without more context about the products, mapping to gifts/general accessories is most appropriate, as it's the catch-all for miscellaneous equestrian items. Alternatively, this could be a vendor/brand collection that doesn't map to a product category structure.",no
/collections/thinline-global-australia,/brands/thinline-global-australia,brand-match,high,Matches existing brand handle,no
/collections/southern-sport-horses,/horse/brands/,ai-suggested,medium,"Southern Sport Horses appears to be a brand name. Since there's no existing brands section under /horse (only under /accessories/brands), creating /horse/brands/southern-sport-horses would be appropriate for brand-specific horse products. Alternative would be to use /accessories/brands/southern-sport-horses if this is a general brand collection.",yes
/collections/dapple-eq,/horse/tack,ai-suggested,medium,"Dapple EQ appears to be a brand that primarily produces horse tack and equipment. Without more specific product information, the general /horse/tack category is the best fit as it encompasses bridles, reins, and other tack items that brands like Dapple EQ typically manufacture.",no
/collections/ascot-saddlery,/horse/saddles,ai-suggested,high,Ascot Saddlery is a brand/store name specializing in horse saddles and saddlery equipment. Maps to the existing saddles category which is the most appropriate category for general saddlery products.,no
/collections/fly-veils-and-hoods,/horse/bonnets,ai-suggested,high,Fly veils and hoods are types of horse bonnets worn to protect from flies and insects. The existing /horse/bonnets category is the perfect match for this product type.,no
/collections/luggage,/rider/luggage,exact-match,high,Already in redirects CSV,no
/collections/horse-books,/accessories/books,exact-match,high,Already in redirects CSV,no
/collections/eac-animal-care,/horse/veterinary,exact-match,high,Already in redirects CSV,no
/collections/ps-of-sweden,/brands/ps-of-sweden,brand-match,high,Matches existing brand handle,no
/collections/samshield,/brands/samshield,brand-match,high,Matches existing brand handle,no
/collections/living-horse-tales-jewellery-by-monika,/brands/living-horse-tales-jewellery-by-monika,brand-match,high,Matches existing brand handle,no
/collections/vivarchie-equestrian,/clothing/womens,ai-suggested,medium,"Vivarchie Equestrian is a brand that produces equestrian apparel, primarily women's riding wear including breeches, tops, and jackets. Maps to existing women's clothing category as the most appropriate general destination for this brand's products.",no
/collections/horseware-australia,/accessories/brands/horseware,exact-match,high,Already in redirects CSV,no
/collections/bare-equestrian,/brands/bare-equestrian,brand-match,high,Matches existing brand handle,no
/collections/premier-equine,/brands,ai-suggested,medium,"Premier Equine is a major equestrian brand that produces a wide range of horse products including boots, rugs, pads, and other horse equipment. Since this is a brand collection rather than a product category, and no brand-specific paths exist in the horse section (unlike /accessories/brands/horseware), creating a brand subcategory at /horse/premier-equine would be the most logical mapping to preserve the brand-based navigation.",yes
/collections/hitchley-harrow,/accessories/brands/hitchley-harrow,ai-suggested,medium,"Hitchley & Harrow appears to be a brand name. The existing structure has /accessories/brands/horseware, suggesting brand collections are housed under accessories. This follows the established pattern for brand-specific collections.",yes
/collections/diamond-deluxe-horsewear,/brands/diamond-deluxe-horsewear,brand-match,high,Matches existing brand handle,no
/collections/bucas-australia,/horse/rugs,ai-suggested,high,"Bucas is a well-known Australian horse rug manufacturer. The collection would contain their range of horse rugs and blankets, which maps directly to the existing /horse/rugs category.",no
/collections/cavalor-equicare,/brands/cavalor-equicare,brand-match,high,Matches existing brand handle,no
/collections/lemieux,/horse/pads,ai-suggested,high,"LeMieux is a premium equestrian brand that produces saddle pads, boots, grooming products, fly hoods, and other horse equipment. Since it's a brand collection rather than a product type, creating a brand subcategory under /horse is appropriate, similar to the existing /accessories/brands/horseware structure.",yes
/collections/zilco,/brands/zilco,brand-match,high,Matches existing brand handle,no
/collections/penelope-leprovost,/brands/penelope-leprovost,brand-match,high,Matches existing brand handle,no
/collections/can-animal-care,/brands/can-animal-care,exact-match,high,Already in redirects CSV,no
/collections/helmet-brims,/rider/helmets,exact-match,high,Already in redirects CSV,no
/collections/kentucky,/brands/kentucky,brand-match,high,Matches existing brand handle,no
/collections/freejump,/brands/freejump,brand-match,high,Matches existing brand handle,no
/collections/cavalleria-toscana,/brands/cavalleria-toscana,brand-match,high,Matches existing brand handle,no
/collections/animo,/brands/animo,brand-match,high,Matches existing brand handle,no
/collections/equiline,/brands/equiline,brand-match,high,Matches existing brand handle,no
/collections/little-equine-co,/accessories/gifts,ai-suggested,medium,"Little Equine Co appears to be a brand that offers equestrian-themed gifts and accessories. Without more specific product information, the existing /accessories/gifts path is the most appropriate match for branded gift items.",no
/collections/cavallo,/brands/cavallo,brand-match,high,Matches existing brand handle,no
/collections/equipe,/brands/equipe,brand-match,high,Matches existing brand handle,no
/collections/sterling-essentials,/brands/sterling-essentials,brand-match,high,Matches existing brand handle,no
/collections/southern-sport-horses-1,/horse/stable,ai-suggested,medium,"Southern Sport Horses appears to be a brand or vendor collection. Without more context about the specific products, mapping to /horse/stable as a general catch-all for horse-related stable/barn products. This could alternatively be a brand-specific collection that doesn't map well to product categories.",no
/collections/emcee-apparel,/brands/emcee-apparel,brand-match,high,Matches existing brand handle,no
/collections/top-brands,/,exact-match,high,Already in redirects CSV,no
/collections/aza-equestrian,/clothing,ai-suggested,medium,"Aza Equestrian is a brand that primarily produces equestrian clothing and apparel. Since there's no existing brands subcategory under clothing (only under accessories), suggesting a new brands path. Alternatively could map to /accessories/brands if product mix is unclear, but clothing is more likely given the brand focus.",yes
/collections/black-friday-deals-for-equestrians,/accessories/gifts,ai-suggested,high,Black Friday deals for equestrians is a promotional collection that would contain gift items and various equestrian products. The /accessories/gifts category is the most appropriate existing path for promotional and gift-oriented collections that span multiple product types.,no
/collections/farrier-tools,/horse/stable/farrier,exact-match,high,Already in redirects CSV,no
/collections/vibrant-equestrian,/horse/tack/accessories,ai-suggested,medium,"Vibrant Equestrian is likely a brand or collection name rather than a specific product category. Without more context about what products were in this collection, /horse/tack/accessories is a reasonable general catch-all for branded equestrian equipment. If more information shows this was specifically rider clothing or other products, the mapping should be updated accordingly.",no
/collections/on-sale,/on-sale,ai-suggested,medium,"The 'on-sale' collection is a promotional/filtering category that doesn't fit into product-specific hierarchies. While it could span all top-level categories, placing it under accessories as a cross-category sale section is the least disruptive option. However, this type of URL typically represents a filter/tag rather than a true category hierarchy and may be better handled through query parameters or a dedicated sales landing page outside the main category structure.",yes
/collections/peter-williams,/brands/peter-williams,brand-match,high,Matches existing brand handle,no
/collections/jp-equestrian-fashion,/brands/jp-equestrian-fashion,brand-match,high,Matches existing brand handle,no
/collections/plum-tack,/brands/plum-tack,exact-match,high,Already in redirects CSV,no
/collections/breeches,/clothing/womens/breeches,exact-match,high,Already in redirects CSV,no
/collections/base-layers,/clothing/activewear/base-layers,ai-suggested,high,"Base layers are thermal/compression garments worn by riders under their clothing. The existing /clothing/activewear category is the perfect parent for this subcategory, as base layers are performance activewear designed for riding comfort.",yes
/collections/hygieia-san,/horse/stable/feed,ai-suggested,medium,"Hygieia-san appears to be a brand name, likely related to horse feed or supplements. The existing /horse/stable/feed category is the most appropriate match for feed-related products. Could also fit under /horse/supplements if the products are nutritional supplements rather than feed.",no
/collections/dyon,/brands/dyon,brand-match,high,Matches existing brand handle,no
/collections/westerns-saddles-usa,/horse/saddles/stock-western,exact-match,high,Already in redirects CSV,no
/collections/hairy-pony,/brands/hairy-pony,exact-match,high,Already in redirects CSV,no
/collections/ariat,/brands/ariat,brand-match,high,Matches existing brand handle,no
/collections/multidomain-chek,/accessories/gift-cards,ai-suggested,medium,"The segment 'multidomain-chek' appears to be a technical or administrative collection name, possibly related to gift cards or vouchers that can be used across multiple domains. Gift cards are the closest existing match for cross-domain payment instruments.",no
/collections/globo_basis_collection,/accessories/gifts,ai-suggested,low,"globo_basis_collection appears to be a technical/system collection name without clear product category indicators. Mapping to /accessories/gifts as a generic catch-all, but this likely needs manual review to determine actual product content.",no
/collections/mochara,/accessories/gifts,ai-suggested,low,"Mochara appears to be a brand name with no clear product category indicators. Without additional context about what products this collection contains, mapping to /accessories/gifts as a general catch-all for branded merchandise. This may need refinement once the actual product types are known.",no
/collections/toklat,/horse/pads,ai-suggested,high,Toklat is a well-known brand specializing in saddle pads and accessories. The existing /horse/pads category is the most appropriate match for this brand collection.,no
/collections/wintec,/brands/wintec,brand-match,high,Matches existing brand handle,no
/collections/martin-saddlery,/horse/saddles/accessories,ai-suggested,high,"Martin Saddlery is a well-known western saddle and tack manufacturer. Their products include saddles, saddle accessories, and western tack items. The existing /horse/saddles/accessories category is the most appropriate match for this brand's product range.",no
/collections/weaver-leather,/horse/stable/leather-care,exact-match,high,Already in redirects CSV,no
/collections/leather-brothers,/horse/stable/leather-care,exact-match,high,Already in redirects CSV,no
/collections/run-away-equestrian-co,/brands/run-away-equestrian-co,brand-match,high,Matches existing brand handle,no
/collections/noble-outfitters,/brands/noble-outfitters,brand-match,high,Matches existing brand handle,no
/collections/ippico-equestrian,/brands/ippico-equestrian,brand-match,high,Matches existing brand handle,no
/collections/qj-riding-wear,/brands/qj-riding-wear,exact-match,high,Already in redirects CSV,no
/collections/jnk-collective,/brands/jnk-collective,brand-match,high,Matches existing brand handle,no
/collections/accessories,/horse/rugs/accessories,exact-match,high,Already in redirects CSV,no
/collections/ponyjet,/brands/ponyjet,brand-match,high,Matches existing brand handle,no
/collections/the-equestrian,/brands/the-equestrian,brand-match,high,Matches existing brand handle,no
/collections/eurohunter,/brands/eurohunter,brand-match,high,Matches existing brand handle,no
/collections/prestige,/brands/prestige,brand-match,high,Matches existing brand handle,no
/collections/the-barbie-collection,/brands/the-barbie-collection,brand-match,high,Matches existing brand handle,no
/collections/acavallo,/brands/acavallo,brand-match,high,Matches existing brand handle,no
/collections/anky,/brands/anky,brand-match,high,Matches existing brand handle,no
/collections/birds,/pet/bird,exact-match,high,Already in redirects CSV,no
/collections/elt,/brands/elt,brand-match,high,Matches existing brand handle,no
/collections/stirrups,/horse/tack/stirrups,exact-match,high,Already in redirects CSV,no
/collections/test-imports,/accessories/gifts,ai-suggested,low,"The URL 'test-imports' appears to be a technical/administrative collection used for testing product imports rather than a customer-facing category. Without additional context about what products it contains, mapping to /accessories/gifts as a general catch-all, but this should be reviewed and products reassigned to appropriate categories based on their actual type.",no
/collections/anna-scarpati,/brands/anna-scarpati,brand-match,high,Matches existing brand handle,no
/collections/precision-microbes,/horse/supplements,ai-suggested,high,Precision Microbes is a brand that produces equine probiotic and microbial supplements for horses. The existing /horse/supplements category is the appropriate destination for this product line.,no
/collections/visentin-equestrian,/brands/visentin,ai-suggested,medium,"Visentin Equestrian appears to be a brand name. Following the existing pattern of /accessories/brands/horseware, creating a brand-specific path for Visentin makes sense for brand landing pages or collections.",yes
/collections/paddock-blade,/horse/stable/paddock,exact-match,high,Already in redirects CSV,no
/collections/ego-7,/brands/ego-7,brand-match,high,Matches existing brand handle,no
/collections/exclusively-equine,/clothing,ai-suggested,medium,"Exclusively Equine appears to be a brand name. Without more context about what products they offer, creating a brand-specific subcategory under horse seems most appropriate, similar to the existing /accessories/brands/horseware pattern. However, if this is a general collection, it may need to map to multiple existing categories based on actual product types.",yes
/collections/gifts,/accessories/gifts,exact-match,high,Already in redirects CSV,no
/collections/homeware,/accessories/homeware,ai-suggested,medium,"Homeware products (decorative items, household goods with equestrian themes) fit best under accessories alongside gifts and collectibles. This is a new subcategory as homeware items don't fit cleanly into existing categories like books, collectibles, or gifts, though they share similar characteristics as lifestyle/gift items.",yes
/collections/tacklet,/horse/tack/accessories,ai-suggested,medium,"Tacklet appears to be a diminutive form of 'tack', suggesting small tack items or tack accessories. The existing /horse/tack/accessories category is the best match for miscellaneous or smaller tack-related items.",no
/collections/shire-saddleworld,/accessories/gifts,ai-suggested,medium,"Shire Saddleworld appears to be a brand/store name rather than a product category. Without more context about what products were in this collection, mapping to gifts as a general merchandise category is most appropriate. Could also be a landing page for a specific store location's products.",no
/collections/horse-queened,/brands/horse-queened,exact-match,high,Already in redirects CSV,no
/collections/zilco/hind-fetlock,/brands/zilco,brand-match,high,Matches existing brand handle,no
/collections/zilco/cryochaps,/brands/zilco,brand-match,high,Matches existing brand handle,no
/collections/zilco/ice,/brands/zilco,brand-match,high,Matches existing brand handle,no
/collections/zilco/bell,/brands/zilco,brand-match,high,Matches existing brand handle,no
/collections/zilco/exercise,/horse/boots/exercise,exact-match,high,Already in redirects CSV,no
/collections/wintec/jumping,/horse/boots/jumping,exact-match,high,Already in redirects CSV,no
/collections/wintec/dressage,/horse/pads/dressage,exact-match,high,Already in redirects CSV,no
/collections/stirrups/leathers,/horse/tack/stirrup-leathers,ai-suggested,high,"The URL segments 'stirrups/leathers' clearly refers to stirrup leathers, which is horse tack. An exact match exists at /horse/tack/stirrup-leathers in the existing category structure.",no
/collections/stirrups/freejump,/horse/tack/stirrups/freejump,ai-suggested,high,"Stirrups are already categorized under /horse/tack/stirrups. FreeJump is a premium stirrup brand that warrants its own subcategory under stirrups for brand-specific browsing, similar to how other brands are organized in the structure.",yes
/collections/kentucky/white,/brands/kentucky,brand-match,high,Matches existing brand handle,no
/collections/kentucky/dressage,/brands/kentucky,exact-match,high,Already in redirects CSV,no
/collections/kentucky/black,/brands/kentucky,brand-match,high,Matches existing brand handle,no
/collections/hairy-pony/equinade-shampoo,/brands/hairy-pony,brand-match,high,Matches existing brand handle,no
/collections/dyon/bridles,/horse/tack/bridles,exact-match,high,Already in redirects CSV,no
/collections/birds/poultry,/pet/poultry,exact-match,high,Already in redirects CSV,no
/collections/birds/toys,hirt,exact-match,high,Already in redirects CSV,no
/collections/base-layers/grey,/clothing/tops/base-layers,ai-suggested,high,Base layers are rider apparel worn under riding clothing. The 'grey' segment indicates a color filter. Base layers fit best under clothing/tops as a new subcategory for thermal/compression underlayers.,yes
/collections/base-layers/white,/clothing/tops/base-layers,ai-suggested,high,"Base layers are thermal underwear/performance wear worn by riders under their riding clothing. They belong in the clothing category as tops/underlayers. While there's no existing base-layers subcategory, this fits logically under /clothing/tops alongside other shirt categories. The 'white' segment indicates a color filter, not a category level.",yes
/collections/base-layers/navy,/clothing/activewear/base-layers,ai-suggested,high,"Base layers are clothing items worn as a foundational layer, typically for riding. The 'navy' segment indicates a color filter. The existing /clothing/activewear category is the most appropriate parent for base layers as they serve athletic/active purposes.",yes
/collections/base-layers/black,/clothing/tops/base-layers,ai-suggested,high,"Base layers are a specific type of clothing top worn as underlayers for riding. The color 'black' is a product filter. While no exact base-layers category exists, it fits logically under /clothing/tops/ alongside other top types like long-sleeve, tanks, and tshirts.",yes
/collections/ariat/hats,/clothing/accessories/hats,exact-match,high,Already in redirects CSV,no
/collections/ariat/western-spurs,/brands/ariat,brand-match,high,Matches existing brand handle,no
/collections/ariat/ego-7,/brands/ariat,brand-match,high,Matches existing brand handle,no
/collections/ariat/baxter-boots,/brands/ariat,brand-match,high,Matches existing brand handle,no
/collections/ariat/roper-boots,/brands/ariat,brand-match,high,Matches existing brand handle,no
/collections/ariat/bags,/rider/luggage/bags,exact-match,high,Already in redirects CSV,no
/collections/ariat/cavallo,/brands/ariat,brand-match,high,Matches existing brand handle,no
/collections/ariat/mens,/brands/ariat,exact-match,high,Already in redirects CSV,no
/collections/ariat/spurs-and-straps,/brands/ariat,brand-match,high,Matches existing brand handle,no
/collections/ariat/stirrups-and-leathers,/horse/tack/stirrups,exact-match,high,Already in redirects CSV,no
/collections/ariat/womens,/clothing/womens,exact-match,high,Already in redirects CSV,no
/collections/ariat/jeans,/clothing/mens/jeans,exact-match,high,Already in redirects CSV,no
/collections/ariat/ariat,/brands/ariat,brand-match,high,Matches existing brand handle,no
/collections/peter-williams/harcour,/brands/peter-williams,brand-match,high,Matches existing brand handle,no
/collections/peter-williams/high-waisted,/brands/peter-williams,brand-match,high,Matches existing brand handle,no
/collections/peter-williams/grey,/brands/peter-williams,brand-match,high,Matches existing brand handle,no
/collections/peter-williams/brown,/brands/peter-williams,brand-match,high,Matches existing brand handle,no
/collections/peter-williams/black,/brands/peter-williams,brand-match,high,Matches existing brand handle,no
/collections/breeches/harcour,/clothing/womens/breeches,ai-suggested,high,"Breeches are equestrian apparel that belong under clothing. While 'harcour' is a brand name, the product type 'breeches' is the primary category. The existing /clothing/womens/breeches path is the best match, as most breeches collections default to women's unless specifically marked as mens or kids.",no
/collections/breeches/samshield,/clothing/womens/breeches,ai-suggested,high,"Breeches are equestrian apparel items. The segment 'samshield' is a brand name. The existing path /clothing/womens/breeches is the best match as breeches are typically gender-specific clothing items, and womens is the most common category for breeches in equestrian retail.",no
/collections/breeches/high-waisted,/clothing/womens/breeches,ai-suggested,high,High-waisted breeches are a style variation of women's breeches. The existing /clothing/womens/breeches path is the appropriate category for all women's breech styles including high-waisted variants.,no
/collections/breeches/grey,/clothing/womens/breeches,ai-suggested,high,"Breeches are equestrian riding pants that belong under clothing. Grey is a color filter, not a category. The existing /clothing/womens/breeches path is the appropriate destination for general breeches collections.",no
/collections/breeches/brown,/clothing/womens/breeches,ai-suggested,high,"Breeches are equestrian apparel that belong in the clothing category. The brown segment is a color filter, not a structural category. The existing /clothing/womens/breeches path is the best match, as breeches are typically browsed by gender and women's is the most common category.",no
/collections/breeches/black,/clothing/womens/breeches,ai-suggested,high,"Breeches are equestrian riding pants, which belong in the clothing category. The color 'black' is a product attribute/filter, not a category. The existing /clothing/womens/breeches path is the appropriate match for general breeches collections.",no
/collections/accessories/water-bottles,/rider/accessories/water-bottles,ai-suggested,high,"Water bottles are rider accessories carried by equestrians during riding/training. The /rider/accessories category already exists and handles personal rider items like hair accessories, headbands, and keychains, making it the logical parent for water bottles.",yes
/collections/test-imports/blue,/accessories/gifts,ai-suggested,low,"The segments 'test-imports' and 'blue' appear to be testing/administrative categories rather than meaningful product categories. 'Blue' could be a color filter. Without more context, mapping to a general gifts category as this seems like non-product data that may have been used for testing purposes.",no
/collections/stable-and-yard/feeder,/horse/stable/feeding,ai-suggested,high,"Feeders are stable equipment used for feeding horses. The existing /horse/stable/feeding category is the perfect match for feeder products, which are essential yard and stable equipment.",no
/collections/stable-and-yard/hay-feeders,/horse/stable/hay-feeders,ai-suggested,high,"Hay feeders are stable/yard equipment used for feeding horses. The /horse/stable category already contains related feeding items like 'feeding', 'feed', and 'hay-nets', making hay-feeders a logical addition to this structure.",yes
/collections/horse-toys/the-trail-of-the-painted-pony,/accessories/collectibles,ai-suggested,high,Trail of Painted Ponies is a collectible figurine line featuring decorated horse sculptures. This fits perfectly under accessories/collectibles as decorative items rather than functional horse equipment or toys.,no
/collections/horse-toys/breyer,/accessories/collectibles/breyer,ai-suggested,high,Breyer is a collectible model horse brand. Horse toys/collectibles belong in accessories category where collectibles already exist. Adding breyer as a sub-subcategory under collectibles makes sense as Breyer is a major collectible horse brand.,yes
/collections/horse-halters/breakaway,/horse/halters/breakaway,ai-suggested,high,"Breakaway halters are a specific safety type of horse halter. The existing /horse/halters category structure already has subcategories (lead-ropes, leads), so adding /breakaway as a parallel subcategory follows the established pattern and semantic organization.",yes
/collections/horse-halters/rope,/horse/training/ropes,exact-match,high,Already in redirects CSV,no
/collections/horse-halters/lemieux,/horse/halters/,ai-suggested,high,"The URL contains 'horse-halters' which maps to the existing /horse/halters category. 'lemieux' is a brand name (LeMieux), so creating a brand subcategory under halters follows the pattern seen elsewhere in the structure (e.g., /accessories/brands/horseware). This allows filtering halters by the LeMieux brand.",yes
/collections/saddles/equipe,/horse/saddles/equipe,ai-suggested,high,"Equipe is a saddle brand. The URL structure suggests a brand-specific saddle collection. Since /horse/saddles exists and has other subcategories for saddle types, adding /equipe as a brand subcategory follows the existing pattern seen in accessories/brands/horseware.",yes
/collections/saddles/arena,/horse/saddles/arena,ai-suggested,high,"Arena saddles are a specific type of saddle used for arena riding. The existing /horse/saddles category has subcategories for different saddle types (all-purpose, dressage, jumping, stock-western), so adding 'arena' as a parallel subcategory maintains the structure and semantic consistency.",yes
/collections/saddles/jumping,/horse/saddles/jumping,exact-match,high,Already in redirects CSV,no
/collections/saddles/all-purpose,/horse/saddles/all-purpose,exact-match,high,Already in redirects CSV,no
/collections/saddles/dressage,/horse/saddles/dressage,exact-match,high,Already in redirects CSV,no
/collections/saddle-pads/fig,/horse/pads,ai-suggested,high,Saddle pads belong under /horse/pads which is the existing category for all saddle pad types. The 'fig' segment likely refers to a brand or color/pattern and should be handled as a filter rather than a category level.,no
/collections/saddle-pads/bluebell,/horse/pads/,ai-suggested,medium,"Saddle pads clearly map to existing /horse/pads category. 'Bluebell' appears to be a brand, color, or collection name. Since there's no existing brand/color subcategory under pads, suggesting new path. Alternative would be generic /horse/pads if bluebell is just a filter/tag rather than a distinct category.",yes
/collections/saddle-pads/ps-of-sweden,/horse/pads,ai-suggested,high,"Saddle pads are horse equipment that go under saddles. The existing /horse/pads category is the perfect match. PS of Sweden is a brand that makes saddle pads, so this collection should map to the general pads category where all saddle pad products belong.",no
/collections/saddle-pads/mattes,/horse/pads/mattes,ai-suggested,high,"Saddle pads belong under /horse/pads which already exists. Mattes is a premium brand of saddle pads, so creating /horse/pads/mattes as a brand-specific subcategory follows the existing structure pattern and makes semantic sense.",yes
/collections/saddle-pads/bareback,/horse/pads/bareback,ai-suggested,high,"Saddle pads belong under /horse/pads which already exists with multiple subcategories. Bareback pads are a specific type of saddle pad used for bareback riding, fitting logically alongside existing pad types like dressage, jumping, and western.",yes
/collections/saddle-pads/red,/horse/pads,ai-suggested,high,"Saddle pads are equipment that goes under saddles. The existing /horse/pads category is the perfect match. The 'red' segment is a color filter, not a category level, so the base /horse/pads path is appropriate.",no
/collections/saddle-pads/pink,/horse/pads,ai-suggested,high,"Saddle pads are horse equipment used under saddles. The existing /horse/pads category is the perfect match. The 'pink' segment is a color filter, not a category level, so it should be handled as a product filter rather than a URL path segment.",no
/collections/saddle-pads/jumping,/horse/pads/jumping,exact-match,high,Already in redirects CSV,no
/collections/saddle-pads/matchy-horse-sets,/horse/pads/matchy-sets,ai-suggested,high,"Matchy horse sets are coordinated saddle pads with matching items like bonnets and boots. Since /horse/pads already exists for saddle pads, adding a matchy-sets subcategory makes semantic sense for these coordinated equipment sets.",yes
/collections/saddle-pads/lemieux,/horse/pads,ai-suggested,high,Saddle pads map to existing /horse/pads category. LeMieux is a premium saddle pad brand that warrants its own subcategory given the brand-specific URL structure.,yes
/collections/saddle-pads/blue,/horse/pads,ai-suggested,high,"Saddle pads are horse equipment that go under saddles. The existing /horse/pads category is the perfect match. The 'blue' segment is a color filter, not a category level, so it should be handled as a product filter rather than part of the URL structure.",no
/collections/saddle-pads/sheepskin,/horse/pads/sheepskin,ai-suggested,high,"Saddle pads belong under /horse/pads which already exists with subcategories like all-purpose, dressage, etc. Sheepskin is a material type used for saddle pads and half-pads, making it a logical subcategory alongside existing pad types.",yes
/collections/saddle-pads/all-purpose,/horse/saddles/all-purpose,exact-match,high,Already in redirects CSV,no
/collections/saddle-pads/half-pad,/horse/pads/half-pads,exact-match,high,Already in redirects CSV,no
/collections/saddle-pads/gel,/horse/pads/gel-pads,ai-suggested,high,"The URL /collections/saddle-pads/gel directly maps to the existing category /horse/pads/gel-pads. Saddle pads fall under horse equipment, and there's already a dedicated gel-pads subcategory.",no
/collections/saddle-pads/eurohunter,/horse/pads,ai-suggested,high,Saddle pads are horse equipment used under saddles. The existing /horse/pads category is the exact match for saddle pads. The 'eurohunter' segment is a brand name and doesn't require a separate category path.,no
/collections/saddle-pads/white,/horse/pads,ai-suggested,high,"Saddle pads belong under /horse/pads which exists. The 'white' segment represents a color filter for saddle pads, following the existing pattern where /horse/pads has subcategories. This new path would organize white-colored saddle pads specifically.",yes
/collections/saddle-pads/dressage,/horse/pads/dressage,exact-match,high,Already in redirects CSV,no
/collections/saddle-pads/burgundy,/horse/pads,ai-suggested,high,"Saddle pads are horse equipment used under saddles. The existing /horse/pads category is the perfect match. The 'burgundy' segment is a color filter, not a structural category, so it should be handled as a product filter rather than a URL path component.",no
/collections/saddle-pads/navy,/horse/pads,ai-suggested,high,"Saddle pads are already mapped under /horse/pads with multiple subcategories. The 'navy' segment is a color filter, not a structural category. The base /horse/pads path is the correct mapping for saddle pad collections.",no
/collections/saddle-pads/black,/horse/pads,ai-suggested,high,"Saddle pads are a core horse equipment category. The existing /horse/pads category is the perfect match. The 'black' segment is a color filter, not a category level, so the base /horse/pads path is appropriate.",no
/collections/saddle-pads/bare,/horse/pads/bare,ai-suggested,high,"Saddle pads belong under /horse/pads which already exists with various subcategories (all-purpose, dressage, jumping, etc.). 'Bare' appears to be a brand name (Bare Performance) for saddle pads, warranting a new brand-specific subcategory similar to existing structure.",yes
/collections/saddle-pads/western,/horse/pads/western,exact-match,high,Already in redirects CSV,no
/collections/pets/hills-science-diet,/pet/dog/food,ai-suggested,high,"Hill's Science Diet is a premium pet food brand primarily known for dog and cat food. Since the existing structure has /pet/dog/food and /pet/cat/food, and dog products are more prominent in the category structure, mapping to dog food is most appropriate. If brand-specific organization is needed, this could alternatively be a new path like /pet/food/hills-science-diet, but the existing dog food category is the best match.",no
/collections/pets/petlife-dog-beds,/pet/dog/bedding,ai-suggested,high,The URL contains 'petlife-dog-beds' which clearly indicates dog beds/bedding products. The existing /pet/dog/bedding category is a perfect match for this product line.,no
/collections/pets/melanie-newman-shampoo,/pet/dog/grooming,ai-suggested,high,"Melanie Newman is a pet grooming brand, primarily known for dog shampoos and grooming products. The existing /pet/dog/grooming category is the perfect match for this collection.",no
/collections/pets/kazoo-dog-bed,/pet/dog/bedding,ai-suggested,high,The URL contains 'kazoo-dog-bed' which clearly indicates a dog bed product. The existing '/pet/dog/bedding' category is the perfect match for this product type.,no
/collections/pets/pawz-dog-bed,/pet/dog/bedding,ai-suggested,high,The URL contains 'pawz-dog-bed' which clearly indicates a dog bed product. The existing category '/pet/dog/bedding' is the perfect match for this product type.,no
/collections/pets/earthborn-dog-food,/pet/dog/food,ai-suggested,high,"Earthborn is a dog food brand. The URL segment 'earthborn-dog-food' clearly indicates dog food products, which maps directly to the existing /pet/dog/food category.",no
/collections/pets/dog-constipation,/pet/dog/supplements,ai-suggested,high,Dog constipation products would be health/digestive supplements. The existing /pet/dog/supplements path is the most appropriate category for digestive health products.,no
/collections/pets/msm-for-dogs,/pet/dog/supplements,ai-suggested,high,MSM (Methylsulfonylmethane) is a dietary supplement commonly given to dogs for joint health. The existing path /pet/dog/supplements is the perfect match for this product category.,no
/collections/pets/dog-poop-bag-holder,/pet/dog/accessories,ai-suggested,high,Dog poop bag holders are dog accessories. The existing /pet/dog/accessories category is the appropriate place for this item as it's a practical accessory for dog walking and care.,no
/collections/pets/credelio-plus,/pet/dog/veterinary,ai-suggested,high,"Credelio Plus is a veterinary flea, tick and worm treatment for dogs. The existing /pet/dog/veterinary category is the most appropriate match for this pharmaceutical product.",no
/collections/pets/hemp-oil-for-dogs,/pet/dog/supplements,ai-suggested,high,Hemp oil for dogs is a dietary supplement product. The existing /pet/dog/supplements category is the perfect match for this product type.,no
/collections/pets/dog-tags,/pet/dog/accessories,ai-suggested,high,Dog tags are pet accessories for dogs. The existing '/pet/dog/accessories' category is the appropriate match for dog identification tags and similar items.,no
/collections/pets/bravecto-for-dogs,/pet/dog/veterinary,ai-suggested,high,Bravecto is a veterinary flea and tick treatment for dogs. The existing /pet/dog/veterinary path is the most appropriate category for this product.,no
/collections/pets/zippy-paws,/pet/dog/toys,ai-suggested,high,ZippyPaws is a well-known brand that manufactures dog toys and pet accessories. The existing /pet/dog/toys category is the most appropriate match for this brand's products.,no
/collections/pets/black-dog-wear,/pet/dog/coats-and-rugs,ai-suggested,high,Black Dog Wear is a brand that produces dog coats and apparel. The existing /pet/dog/coats-and-rugs category is the perfect match for dog wear products.,no
/collections/pets/rogz-harness,/pet/dog/collars-and-leads,ai-suggested,high,"Rogz is a well-known pet brand specializing in dog harnesses, collars, and leads. The existing /pet/dog/collars-and-leads category is the perfect match as harnesses are a type of lead/restraint system for dogs.",no
/collections/pets/aristopet-all-wormer,/pet/supplements,ai-suggested,medium,"Aristopet all wormer is a pet deworming product. While there's a /pet/supplements category that could fit, this is more specifically a veterinary/health product. Could also map to /pet/cat or /pet/dog with a new /veterinary subcategory, but /pet/supplements is the closest existing match for health/wellness products.",no
/collections/pets/dog-collars,/pet/dog/collars-and-leads,ai-suggested,high,The old URL /collections/pets/dog-collars maps directly to the existing category /pet/dog/collars-and-leads which encompasses both collars and leads for dogs,no
/collections/pets/anipal,/pet/dog/supplements,ai-suggested,medium,"Anipal is a brand that produces pet supplements and health products, primarily for dogs. The existing /pet/dog/supplements path is the most appropriate match for this product line.",no
/collections/pets/vitamins-and-supplements,/pet/supplements,ai-suggested,high,The URL /collections/pets/vitamins-and-supplements clearly indicates pet vitamins and supplements. The existing /pet/supplements category is a perfect match for this content.,no
/collections/pets/advance-cat-food,/pet/cat/food,ai-suggested,high,The URL segment 'advance-cat-food' clearly indicates cat food products. The existing category '/pet/cat/food' is the perfect match for this product type.,no
/collections/pets/advance-pet-food,/pet/food,ai-suggested,high,"Advance pet food is a general pet food product. While specific animal food categories exist (e.g., /pet/dog/food, /pet/cat/food), a general /pet/food category is needed for multi-animal or general pet food brands like Advance that serve multiple pet types.",yes
/collections/pets/zamipet,/pet/supplements,ai-suggested,high,Zamipet is a pet supplement brand. The existing /pet/supplements category is the perfect match for this brand's products which include probiotics and other pet health supplements.,no
/collections/pets/supplements-and-medicine,/pet/supplements,ai-suggested,high,"The old URL 'pets/supplements-and-medicine' maps to the existing '/pet/supplements' category. While medicine could also fall under veterinary care, supplements is the most direct match for the combined supplements-and-medicine collection.",no
/collections/pets/dog-flea-treatment,/pet/dog/veterinary,ai-suggested,high,Flea treatment is a veterinary/health care product for dogs. The existing /pet/dog/veterinary path is the appropriate category for medical treatments including flea control products.,no
/collections/pets/aristopet,/pet/aristopet,ai-suggested,medium,"Aristopet is a pet care brand that produces products for multiple pet types (dogs, cats, birds, small animals). Since the URL structure indicates a brand-level collection under pets, and there's no existing brand category in the pet section (unlike accessories which has /accessories/brands/horseware), creating /pet/aristopet as a brand subcategory is appropriate for organizing all Aristopet products across pet categories.",yes
/collections/pets/blackdog-treats,/pet/dog/treats,ai-suggested,high,The URL segment 'blackdog-treats' clearly indicates dog treats. Black Dog is a well-known brand of dog treats in the pet industry. The existing path /pet/dog/treats is a perfect match for this product category.,no
/collections/pets/kong-dog-toys-and-treats,/pet/dog/toys,ai-suggested,high,"KONG is a well-known dog toy and treat brand. The existing category /pet/dog/toys perfectly matches this product collection, and there's also /pet/dog/treats available for treat products.",no
/collections/pets/kazoo-dog-coat,/pet/dog/coats-and-rugs,ai-suggested,high,The URL contains 'kazoo-dog-coat' which clearly indicates a dog coat product. The existing category '/pet/dog/coats-and-rugs' is the perfect match for this product type.,no
/collections/pets/dog-coats,/pet/dog/coats-and-rugs,ai-suggested,high,The old URL /collections/pets/dog-coats maps directly to the existing category for dog coats and rugs under the pet section,no
/collections/pets/dog-beds,/pet/dog/bedding,ai-suggested,high,"The old URL '/collections/pets/dog-beds' clearly refers to dog beds, which maps perfectly to the existing '/pet/dog/bedding' category path.",no
/collections/pets/kangaroo-dog-treats,/pet/dog/treats,ai-suggested,high,Kangaroo dog treats are pet products specifically for dogs. The existing category /pet/dog/treats is a perfect match for this product type.,no
/collections/pets/dog-treats,/pet/dog/treats,exact-match,high,Already in redirects CSV,no
/collections/fly-veils-and-hoods/bonnets,/horse/bonnets,ai-suggested,high,Bonnets are fly veils/hoods worn by horses. The existing /horse/bonnets category is a direct match for this product type.,no
/collections/luggage/saddle-bags,/rider/luggage/saddle-bags,ai-suggested,high,"Saddle bags for luggage/storage purposes belong under rider luggage. The existing /rider/luggage category has bags, handbags, and wallets, so saddle-bags fits naturally as a subcategory for carrying personal items while riding.",yes
/collections/luggage/backpacks,/rider/luggage/backpacks,ai-suggested,high,"Backpacks are rider luggage items. The existing /rider/luggage category already has bags, handbags, and wallets, making backpacks a natural addition as a subcategory.",yes
/collections/luggage/ariat,/rider/luggage,ai-suggested,high,"The URL segments 'luggage' and 'ariat' indicate rider luggage products. Ariat is a brand that makes equestrian luggage, bags, and accessories for riders. The existing /rider/luggage category is the perfect match for this collection.",no
/collections/horse-bandages/white,/horse/boots/bandages,ai-suggested,high,"Horse bandages are leg protection equipment that fall under the existing /horse/boots/bandages category. The 'white' segment is a color filter, not a category level, so it maps directly to the bandages subcategory.",no
/collections/horse-bandages/dressage,/horse/boots/bandages,exact-match,high,Already in redirects CSV,no
/collections/horse-bandages/black,/horse/boots/bandages,ai-suggested,high,"Horse bandages are a type of leg protection/boot product. The existing category /horse/boots/bandages is a perfect match for this product type. The 'black' segment is a color filter, not a category level.",no
/collections/horse-rugs/50-125cm,/horse/rugs,ai-suggested,high,"The URL is for horse rugs filtered by size (50-125cm). The size filter is a product attribute, not a category structure element. Maps to existing /horse/rugs which is the appropriate parent category for all horse rug products regardless of size.",no
/collections/horse-rugs/hoods,/horse/rugs/hoods,exact-match,high,Already in redirects CSV,no
/collections/horse-rugs/woolen,/horse/rugs/woolen,ai-suggested,high,"The URL clearly indicates woolen horse rugs. While /horse/rugs exists with various rug types (cotton, mesh, winter, summer), there is no specific 'woolen' subcategory. Woolen rugs are a distinct material type similar to the existing cotton category, warranting a new subcategory under /horse/rugs.",yes
/collections/horse-rugs/canvas,/horse/rugs/canvas,ai-suggested,high,"The URL clearly refers to canvas horse rugs. While /horse/rugs exists with many subcategories (cotton, mesh, rain, etc.), there is no canvas subcategory. Canvas is a specific material type for horse rugs, similar to the existing cotton and mesh categories, so /horse/rugs/canvas is the logical path.",yes
/collections/horse-rugs/winter,/horse/rugs/winter,exact-match,high,Already in redirects CSV,no
/collections/horse-rugs/summer,/horse/rugs/summer,exact-match,high,Already in redirects CSV,no
/collections/horse-rugs/show,/horse/rugs/show,ai-suggested,high,"The URL '/collections/horse-rugs/show' clearly refers to show rugs for horses. While '/horse/rugs' exists with many subcategories (accessories, cotton, flag, hoods, mesh, rain, riding, summer, tail-protectors, travel, winter), there is no 'show' subcategory. Show rugs are a specific type of competition/presentation rug, making this a logical new subcategory under /horse/rugs.",yes
/collections/horse-rugs/cotton,/horse/rugs/cotton,exact-match,high,Already in redirects CSV,no
/collections/horse-rugs/46,/horse/rugs,ai-suggested,high,Direct match - 'horse-rugs' maps to existing /horse/rugs category which is the main category for all horse rugs and blankets,no
/collections/horse-rugs/eurohunter,/horse/rugs/eurohunter,ai-suggested,high,"The URL clearly indicates horse rugs with Eurohunter as a brand/subcategory. While /horse/rugs exists, there's no brand-specific subcategory. Creating /horse/rugs/eurohunter follows the pattern seen in accessories (e.g., /accessories/brands/horseware) and allows for brand-specific rug filtering.",yes
/collections/horse-rugs/kentucky,/horse/rugs/kentucky,ai-suggested,high,"Kentucky is a brand name for horse rugs. The old URL structure was /horse-rugs/kentucky, clearly indicating Kentucky-branded rugs under the horse rugs category. Creating a brand-specific subcategory under /horse/rugs follows the pattern seen elsewhere in the structure (e.g., /accessories/brands/horseware).",yes
/collections/horse-rugs/stable,/horse/rugs,exact-match,high,Already in redirects CSV,no
/collections/horse-riding-helmets/resistol,/rider/helmets,ai-suggested,high,Horse riding helmets are rider safety equipment. The existing /rider/helmets category is the correct match. The 'resistol' segment appears to be a brand name and should be handled via filtering/attributes rather than URL structure.,no
/collections/horse-riding-helmets/uvex,/rider/helmets,ai-suggested,high,Horse riding helmets are rider safety equipment. The existing /rider/helmets category is the perfect match. The 'uvex' segment is a brand name that would be handled via filtering rather than URL structure.,no
/collections/horse-riding-helmets/brims,/rider/helmets/brims,ai-suggested,high,"Horse riding helmets are rider equipment. The existing structure has /rider/helmets and /rider/helmets/accessories. 'Brims' are helmet accessories/components that attach to riding helmets, making /rider/helmets/brims a logical subcategory alongside accessories.",yes
/collections/horse-riding-helmets/kask,/rider/helmets,ai-suggested,high,Horse riding helmets are rider safety equipment. The existing /rider/helmets category is the perfect match. The 'kask' segment is a brand name and would typically be handled via filtering rather than URL structure.,no
/collections/horse-riding-helmets/charles-owen,/rider/helmets,ai-suggested,high,Horse riding helmets are rider safety equipment. The existing /rider/helmets category is the perfect match. Charles-owen is a brand name which would typically be handled via filtering/faceting rather than URL structure.,no
/collections/horse-riding-helmets/kep,/rider/helmets,ai-suggested,high,Horse riding helmets are rider safety equipment. The existing /rider/helmets category is the perfect match. The 'kep' segment is a brand name (KEP Italia) which would be handled via filtering/faceting rather than URL structure.,no
/collections/horse-riding-helmets/samshield,/rider/helmets,ai-suggested,high,"Horse riding helmets are rider safety equipment. The existing /rider/helmets category is the perfect match. The brand 'samshield' is a helmet manufacturer, confirming this is helmet-related.",no
/collections/horse-riding-helmets/black,/rider/helmets,ai-suggested,high,"Horse riding helmets are rider safety equipment. The existing /rider/helmets category is the perfect match. The 'black' segment is a color filter, not a category level.",no
/collections/footwear/tucci,/clothing/footwear/tucci,ai-suggested,high,"Tucci is a premium equestrian footwear brand. The URL segments 'footwear/tucci' indicate a brand-specific footwear collection. While /clothing/footwear exists, adding /tucci as a brand subcategory allows for organized brand-specific browsing within the footwear category.",yes
/collections/footwear/top-boots,/clothing/footwear/tall-boots,ai-suggested,high,"Top boots are tall riding boots worn by riders, which belongs under clothing/footwear. The existing '/clothing/footwear/tall-boots' category is the perfect match for this product type.",no
/collections/footwear/western-spurs,/rider/spurs,ai-suggested,high,"Western spurs are rider equipment worn by the rider. The existing /rider/spurs category is the appropriate match, as spurs are personal rider gear regardless of riding discipline (western vs english).",no
/collections/footwear/ego-7,/clothing/footwear/ego-7,ai-suggested,high,"EGO7 is a premium equestrian footwear brand. The old URL is /collections/footwear/ego-7, indicating a brand-specific footwear collection. While /clothing/footwear exists, adding a brand subcategory follows the pattern seen in /accessories/brands/horseware and allows proper organization of this specific footwear brand.",yes
/collections/footwear/baxter-boots,/clothing/footwear/boots,ai-suggested,high,"Baxter is a well-known equestrian footwear brand. The URL segments 'footwear/baxter-boots' clearly indicate rider footwear, which belongs under /clothing/footwear/boots rather than /horse/boots which is for horse leg protection.",no
/collections/footwear/childrens,/clothing/kids/footwear,ai-suggested,high,The URL segments 'footwear' and 'childrens' clearly indicate children's footwear. An existing category '/clothing/kids/footwear' already exists that perfectly matches this intent.,no
/collections/footwear/cavallo,/clothing/footwear/cavallo,ai-suggested,high,"Cavallo is a premium equestrian footwear brand. The URL segments 'footwear/cavallo' indicate this is a brand-specific footwear collection. While /clothing/footwear exists, adding a Cavallo brand subcategory makes sense for organizing this specific brand's products, similar to how accessories has brand-specific paths like /accessories/brands/horseware.",yes
/collections/footwear/mens,/clothing/footwear/mens,exact-match,high,Already in redirects CSV,no
/collections/footwear/spurs-and-straps,/rider/spurs/accessories,ai-suggested,high,"Spurs and straps are rider equipment worn on footwear. The existing /rider/spurs/accessories path is the perfect match, as spur straps are accessories for spurs.",no
/collections/footwear/stirrups-and-leathers,/horse/tack/stirrups,exact-match,high,Already in redirects CSV,no
/collections/footwear/womens,/clothing/footwear/womens,exact-match,high,Already in redirects CSV,no
/collections/footwear/ariat,/clothing/footwear/ariat,ai-suggested,high,"Ariat is a major equestrian footwear brand. The old URL segments 'footwear/ariat' indicate this is a brand-specific footwear collection. While /clothing/footwear exists with various subcategories by style, adding a brand-level subcategory for Ariat makes sense given its prominence in equestrian footwear.",yes
/collections/horse-jewellery/pendants,/rider/jewellery/pendants,exact-match,high,Already in redirects CSV,no
/collections/horse-jewellery/sabona-bracelets,/rider/jewellery/bracelets,ai-suggested,high,"Horse jewellery refers to jewellery for riders with equestrian themes, not jewellery for horses. Sabona bracelets are therapeutic/magnetic bracelets worn by riders. The existing /rider/jewellery/bracelets path is the perfect match.",no
/collections/horse-jewellery/necklaces,/rider/jewellery/necklaces,exact-match,high,Already in redirects CSV,no
/collections/horse-jewellery/kelly-herd,/rider/jewellery,ai-suggested,high,"Kelly Herd is a well-known equestrian jewellery brand. The URL segments 'horse-jewellery' and 'kelly-herd' indicate jewellery products. While the original collection was named 'horse-jewellery', jewellery is worn by riders, not horses, so it belongs under /rider/jewellery which already exists in the structure.",no
/collections/horse-jewellery/earrings,/rider/jewellery/earrings,exact-match,high,Already in redirects CSV,no
/collections/horse-jewellery/rings,/rider/jewellery/rings,exact-match,high,Already in redirects CSV,no
/collections/horse-jewellery/bracelets,/rider/jewellery/bracelets,exact-match,high,Already in redirects CSV,no
/collections/horse-health/likit-horse-treats,/horse/stable/treats,ai-suggested,high,"Likit is a well-known brand of horse treats. The existing category /horse/stable/treats is the perfect match for horse treats products, regardless of brand. This aligns with the stable/feeding section of horse care products.",no
/collections/horse-health/horse-treats,/horse/stable/treats,ai-suggested,high,Horse treats are stable supplies and an exact match exists at /horse/stable/treats. The 'horse-health' parent category is broad but treats fit naturally under stable management items.,no
/collections/horse-health/equimax,/horse/stable/wormers,ai-suggested,high,Equimax is a horse worming product brand. The existing category /horse/stable/wormers is the perfect match for horse health products related to parasite control and deworming treatments.,no
/collections/horse-health/psyllium-husk,/horse/supplements/psyllium-husk,ai-suggested,high,"Psyllium husk is a dietary supplement for horses, commonly used for digestive health and sand colic prevention. The /horse/supplements category exists but needs a subcategory for this specific supplement type.",yes
/collections/horse-health/msm,/horse/supplements/msm,ai-suggested,high,"MSM (methylsulfonylmethane) is a common horse supplement for joint health. The old URL indicates horse-health/msm, and while /horse/supplements exists, there's no MSM subcategory. Creating /horse/supplements/msm follows the existing structure and accurately categorizes this supplement type.",yes
/collections/horse-health/dynavyte,/horse/supplements/dynavyte,ai-suggested,high,"Dynavyte is a specific brand of horse health supplements and probiotics. The URL segments 'horse-health' and 'dynavyte' indicate this is a brand collection under horse health/supplements. While /horse/supplements exists, creating a brand-specific subcategory follows the pattern seen in /accessories/brands/horseware and allows for organized brand collections.",yes
/collections/horse-health/anti-inflammatory,/horse/supplements/anti-inflammatory,ai-suggested,high,Anti-inflammatory products are health supplements for horses. The existing /horse/supplements category is the logical parent. Creating a sub-category for anti-inflammatory supplements provides clear organization for this specific type of horse health product.,yes
/collections/horse-health/biotin,/horse/supplements/biotin,ai-suggested,high,"Biotin is a horse health supplement commonly used for hoof and coat health. The existing /horse/supplements category is the appropriate parent, and biotin as a specific supplement type warrants its own subcategory for proper product organization.",yes
/collections/horse-health/electrolytes,/horse/supplements/electrolytes,ai-suggested,high,"Electrolytes are a type of horse health supplement. The existing /horse/supplements category is the perfect parent, and adding /electrolytes as a subcategory follows the established pattern and provides clear categorization for this product type.",yes
/collections/horse-health/betavet,/horse/veterinary/first-aid,ai-suggested,high,"Betavet is a veterinary/health brand. The existing /horse/veterinary/first-aid category is the best match for horse health products, as it covers medical and health-related items for horses.",no
/collections/horse-health/calming-supplements,/horse/supplements/calming,ai-suggested,high,"Calming supplements are horse health products that fall under supplements. The existing /horse/supplements category exists but lacks a calming subcategory, which is a common and distinct supplement type in equestrian products.",yes
/collections/horse-health/b-quiet,/horse/supplements/calming,ai-suggested,high,"B-Quiet is a calming supplement for horses. While /horse/supplements exists, there's no calming-specific subcategory. Creating /horse/supplements/calming provides a logical home for calming products under the existing supplements category structure.",yes
/collections/horse-health/arcequine,/horse/veterinary/therapy-equipment,ai-suggested,high,"Arcequine is a brand specializing in veterinary therapy equipment (ArcEquine microcurrent therapy devices). While /horse/veterinary/first-aid exists, therapy equipment like electromagnetic/microcurrent devices warrant a dedicated category. This falls under veterinary care but is distinct from basic first aid supplies.",yes
/collections/horse-health/wormers,/horse/stable/wormers,exact-match,high,Already in redirects CSV,no
/collections/horse-health/fly-veils-and-hoods,/horse/bonnets/fly-veils,ai-suggested,high,"Fly veils and hoods are protective headwear for horses that prevent flies from bothering them. The existing /horse/bonnets category already has /horse/bonnets/fly-masks for similar fly protection gear. Adding /horse/bonnets/fly-veils as a parallel category makes semantic sense since fly veils/hoods are similar protective gear worn on the horse's head, just with different coverage than fly masks.",yes
/collections/horse-health/ranvet,/horse/supplements/ranvet,ai-suggested,high,"Ranvet is a well-known equine supplement and health product brand. The old URL 'horse-health/ranvet' indicates brand-filtered health products. While /horse/supplements exists, creating /horse/supplements/ranvet provides a logical brand subcategory for Ranvet supplement products.",yes
/collections/horse-health/kelato,/horse/supplements/kelato,ai-suggested,high,"Kelato is a well-known brand specializing in horse health supplements and treatments. The existing /horse/supplements category is the perfect parent, and adding a brand-specific subcategory follows the pattern seen elsewhere (e.g., /accessories/brands/horseware). This makes products easily discoverable for customers loyal to the Kelato brand.",yes
/collections/horse-health/bonnets,/horse/bonnets,ai-suggested,high,Exact match exists. Bonnets are horse equipment items (fly bonnets/ear bonnets) and there is already an established /horse/bonnets category that matches perfectly.,no
/collections/horse-health/vitamins-and-supplements,/horse/supplements,ai-suggested,high,The URL contains 'vitamins-and-supplements' which directly maps to the existing /horse/supplements category. This is a perfect semantic match for horse health supplements and vitamins.,no
/collections/horse-health/joint-supplements,/horse/supplements/joint,ai-suggested,high,"Joint supplements are horse health products that fall under supplements. The existing /horse/supplements category is the best match, and adding a /joint subcategory follows the established pattern for organizing supplement types.",yes
/collections/horse-health/toys,/horse/supplements,exact-match,high,Already in redirects CSV,no
/collections/horse-health/wound-care,/horse/veterinary/wound-care,ai-suggested,high,"Wound care is a veterinary/medical product category. The existing /horse/veterinary/first-aid path exists, and wound-care is a logical sibling category for more specific wound treatment products.",yes
/collections/horse-health/zamipet,/pet/supplements,ai-suggested,high,"Zamipet is a pet supplement brand, and the URL segments 'horse-health/zamipet' indicates this is a pet health/supplement product. The existing /pet/supplements category is the appropriate destination.",no
/collections/horse-health/hoof-care,/horse/stable/hoof-care,exact-match,high,Already in redirects CSV,no
/collections/horse-grooming-supplies/equinade-shampoo,/horse/grooming/shampoo,ai-suggested,high,The URL segments 'horse-grooming-supplies' and 'equinade-shampoo' clearly indicate this is a horse grooming shampoo product. The existing category /horse/grooming/shampoo is a perfect match for this product type.,no
/collections/horse-grooming-supplies/equibuff,/horse/grooming/products,ai-suggested,high,"Equibuff is a grooming product brand. The URL segments 'horse-grooming-supplies' and 'equibuff' indicate this is a grooming product, which maps perfectly to the existing /horse/grooming/products category.",no
/collections/horse-grooming-supplies/equinade,/horse/grooming/products,ai-suggested,high,"Equinade is a brand that produces horse grooming supplies and products. The existing /horse/grooming/products category is the most appropriate match for this brand's product range, which includes shampoos, coat care, and general grooming products.",no
/collections/horse-grooming-supplies/brushes,/horse/grooming/brushes,exact-match,high,Already in redirects CSV,no
/collections/horse-grooming-supplies/absorbine,/horse/grooming/products,ai-suggested,high,"Absorbine is a well-known brand of horse grooming and care products. The URL segment 'horse-grooming-supplies' maps directly to the existing /horse/grooming category, and 'absorbine' as a brand of grooming products fits within the existing /horse/grooming/products subcategory.",no
/collections/horse-grooming-supplies/shampoo,/horse/grooming/shampoo,exact-match,high,Already in redirects CSV,no
/collections/horse-boots/veredus-jumping-boots,/horse/boots/jumping,ai-suggested,high,Veredus jumping boots are specialized horse boots designed for jumping activities. The existing /horse/boots/jumping category is the perfect match for this product type.,no
/collections/horse-boots/hind-fetlock,/horse/boots/fetlock,ai-suggested,high,"The URL segment 'hind-fetlock' refers to fetlock boots for hind legs. The existing '/horse/boots/fetlock' category is the appropriate match as it covers fetlock boots generally, including both front and hind options.",no
/collections/horse-boots/lami-cell,/horse/boots,ai-suggested,high,"Lami-cell is a brand that makes horse boots. The URL segments indicate this is a brand-filtered view of horse boots. The general /horse/boots category is the appropriate destination, as the existing structure doesn't include brand-specific subcategories.",no
/collections/horse-boots/magnetic,/horse/boots/magnetic,exact-match,high,Already in redirects CSV,no
/collections/horse-boots/zandona,/horse/boots/zandona,ai-suggested,medium,"Zandona is a brand name that manufactures horse boots and protective equipment. While brand-specific subcategories don't exist in the current structure, creating /horse/boots/zandona would allow brand-specific filtering. Alternatively, could map to /horse/boots as the general category, but the brand segment suggests a need for brand-level organization.",yes
/collections/horse-boots/cryochaps,/horse/boots/ice-boots,ai-suggested,high,Cryochaps are therapeutic cooling/ice boots for horses. The existing /horse/boots/ice-boots category is the perfect match for cryotherapy products.,no
/collections/horse-boots/ice,/horse/boots/ice-boots,ai-suggested,high,"The URL segments 'horse-boots' and 'ice' map directly to the existing category '/horse/boots/ice-boots', which is specifically for ice boots used in horse therapy and recovery.",no
/collections/horse-boots/floating-transport,/horse/boots/float,ai-suggested,high,The segment 'floating-transport' refers to horse float/transport boots. The existing category '/horse/boots/float' is the perfect match for boots used during horse transportation in floats/trailers.,no
/collections/horse-boots/fly-boots-for-horses,/horse/boots/fly-boots,ai-suggested,high,The URL segment 'fly-boots-for-horses' directly maps to the existing category '/horse/boots/fly-boots'. This is an exact semantic match for fly boots used on horses.,no
/collections/horse-boots/bell,/horse/boots/bell-boots,ai-suggested,high,"The URL segment 'bell' refers to bell boots, which are a type of horse boot. An exact match exists at /horse/boots/bell-boots in the existing structure.",no
/collections/horse-boots/woof-wear,/horse/boots/woof-wear,ai-suggested,medium,"Woof Wear is a brand specializing in horse boots and protection products. While /horse/boots exists, creating a brand-specific subcategory allows filtering by this popular manufacturer. Alternative would be mapping to /horse/boots as the parent category, but brand segmentation provides better user navigation for Woof Wear products.",yes
/collections/horse-boots/tendon,/horse/boots/tendon-boots,ai-suggested,high,The URL segments 'horse-boots' and 'tendon' directly map to the existing category '/horse/boots/tendon-boots'. Tendon boots are a specific type of horse boot designed to protect the tendons during riding.,no
/collections/horse-boots/jumping,/horse/boots/jumping,exact-match,high,Already in redirects CSV,no
/collections/horse-boots/exercise,/horse/boots/exercise,exact-match,high,Already in redirects CSV,no
/collections/horse-boots/kentucky,/horse/boots/kentucky,ai-suggested,medium,"Kentucky is a brand name that specializes in horse boots and protective equipment. While the existing structure has specific boot type categories, a brand-specific category makes sense for filtering Kentucky products within the boots section, similar to the /accessories/brands/horseware pattern.",yes
/collections/horse-bits/myler,/horse/bits/myler,ai-suggested,high,"The URL segments 'horse-bits' and 'myler' clearly indicate horse bits, with 'myler' being a well-known bit brand. The category /horse/bits already exists for general bits, and adding /horse/bits/myler as a brand-specific subcategory follows a logical structure similar to existing brand paths like /accessories/brands/horseware.",yes
/collections/horse-bits/kk-horse-bits,/horse/bits,ai-suggested,high,The URL contains 'horse-bits' and 'kk-horse-bits' where KK likely refers to a brand (Korsteel/KK). The existing category /horse/bits is the perfect match for horse bits products.,no
/collections/horse-bits/dr-bristol,/horse/bits/dr-bristol,ai-suggested,high,"Dr Bristol is a specific type of horse bit. The parent category /horse/bits exists, and creating a subcategory for this common bit type follows the established pattern of categorizing equipment by specific type (similar to /horse/boots/bell-boots or /horse/pads/gel-pads).",yes
/collections/horse-bits/pelham-bits,/horse/bits/pelham-bits,ai-suggested,high,"Pelham bits are a specific type of horse bit. The existing /horse/bits category is the logical parent, and adding /pelham-bits as a subcategory follows the same pattern as other equipment subcategories like /horse/boots/bell-boots.",yes
/collections/horse-bits/sprenger,/horse/bits/sprenger,ai-suggested,high,Sprenger is a major bit manufacturer. The existing /horse/bits category exists but lacks brand-specific subcategories. Creating /horse/bits/sprenger follows the pattern seen in accessories/brands/horseware and makes sense for organizing bits by manufacturer.,yes
/collections/horse-bits/gag,/horse/bits/gag,ai-suggested,high,"Gag bits are a specific type of horse bit. The existing /horse/bits category covers general bits, so adding /horse/bits/gag as a subcategory follows the established pattern (similar to how /horse/boots has multiple specific subtypes like bell-boots, jumping, etc.)",yes
/collections/horse-bits/snaffle,/horse/bits/snaffle,ai-suggested,high,"Snaffle is a specific type of horse bit. The existing /horse/bits category is the perfect parent, and adding /horse/bits/snaffle as a subcategory follows the established pattern of categorizing equipment by type (similar to how boots are broken down into bell-boots, jumping, etc.)",yes
/collections/horse-bits/trust,/horse/bits/trust,ai-suggested,high,Trust is a brand that manufactures horse bits. The URL structure suggests a brand-specific collection within bits. Creating /horse/bits/trust as a brand subcategory under the existing /horse/bits category maintains logical hierarchy and matches common e-commerce patterns for brand filtering.,yes
/collections/horse-bits/bit,/horse/bits,ai-suggested,high,The URL segments 'horse-bits/bit' clearly indicate horse bits/bridle bits. The existing category '/horse/bits' is a perfect match for this product type.,no
/collections/horse-bits/bombers-bits,/horse/bits/bombers,ai-suggested,high,"Bombers is a well-known brand specializing in horse bits. The existing /horse/bits category covers horse bits generally, and adding a brand-specific subcategory /bombers follows logical product hierarchy for organizing bits by manufacturer.",yes
/collections/horse-riding-apparel/hats-and-caps,/clothing/accessories/caps,ai-suggested,high,"The old URL 'horse-riding-apparel/hats-and-caps' refers to rider apparel worn by people. The existing path /clothing/accessories/caps already exists and is the perfect match for hats and caps worn by riders. While /clothing/accessories/hats also exists, caps is more specific to the original URL segment.",no
/collections/horse-riding-apparel/kunkle-gloves,/rider/gloves,ai-suggested,high,Kunkle is a brand that makes riding gloves. The old URL segment 'horse-riding-apparel' combined with 'kunkle-gloves' indicates riding gloves worn by riders. The existing /rider/gloves category is the perfect match for this product type.,no
/collections/horse-riding-apparel/roeckl-gloves,/rider/gloves,ai-suggested,high,"Roeckl is a well-known riding gloves brand. The URL contains 'horse-riding-apparel' and 'roeckl-gloves', which maps to rider gloves. Rider gloves are already an existing category and are worn by the rider, not the horse.",no
/collections/horse-riding-apparel/stetson-hats,/clothing/accessories/hats,ai-suggested,high,Stetson hats are riding apparel accessories. The existing path /clothing/accessories/hats is the perfect match for branded hats worn by riders.,no
/collections/horse-riding-apparel/equiline-breeches,/clothing/womens/breeches,ai-suggested,high,"Equiline breeches are riding apparel (breeches). The existing path /clothing/womens/breeches is the perfect match for this product category, as breeches are a core equestrian clothing item and Equiline is a popular brand. The 'horse-riding-apparel' segment confirms this is clothing for riders.",no
/collections/horse-riding-apparel/gloves,/rider/gloves,exact-match,high,Already in redirects CSV,no
/collections/horse-riding-apparel/childrens-breeches,/clothing/kids/breeches,ai-suggested,high,"The URL contains 'childrens-breeches' which directly maps to the existing '/clothing/kids/breeches' category. Children's riding apparel belongs under the clothing top-level category, and there is already an established kids/breeches subcategory.",no
/collections/horse-riding-apparel/ariat-breeches,/clothing/womens/breeches,ai-suggested,high,"Ariat breeches are riding apparel. The URL segment 'horse-riding-apparel' indicates clothing for riders, not horse equipment. Breeches fall under clothing/womens/breeches, which already exists and is the most appropriate category for Ariat brand breeches.",no
/collections/horse-riding-apparel/children,/clothing/kids,ai-suggested,high,"Horse riding apparel for children maps to the existing /clothing/kids category, which already contains riding-specific items like breeches, show jackets, and show shirts for children",no
/collections/horse-riding-apparel/unisex,/clothing/unisex,ai-suggested,high,"Horse riding apparel with unisex specification clearly belongs under /clothing. While /clothing has /mens, /womens, and /kids subdivisions, there is no existing /unisex category. Creating /clothing/unisex provides a logical parallel category for gender-neutral equestrian apparel.",yes
/collections/horse-riding-apparel/childrens,/clothing/kids,ai-suggested,high,"Horse riding apparel for children maps directly to the existing /clothing/kids category, which already contains subcategories for children's riding wear including breeches, show jackets, and show shirts",no
/collections/horse-riding-apparel/beanies-and-headbands,/clothing/accessories/beanies,ai-suggested,high,"Beanies and headbands are rider apparel accessories. While /rider/accessories/headbands exists, beanies are clothing items worn casually or while riding. The /clothing/accessories category already includes hats, caps, and scarves, making it the most appropriate location for beanies.",yes
/collections/horse-riding-apparel/base-layer,/clothing/activewear/base-layer,ai-suggested,high,"Base layers are equestrian riding apparel worn under other clothing. The top-level 'clothing' category is correct for rider apparel. An existing '/clothing/activewear' category exists, and base-layer fits naturally as a subcategory since base layers are performance activewear items.",yes
/collections/horse-riding-apparel/denim-breeches,/clothing/womens/breeches,ai-suggested,high,Denim breeches are riding apparel worn by riders. The existing /clothing/womens/breeches category is the appropriate destination as it encompasses all types of breeches including denim variants. Breeches are categorized under clothing rather than rider gear.,no
/collections/horse-riding-apparel/womens-breeches,/clothing/womens/breeches,ai-suggested,high,"The URL segments 'horse-riding-apparel' and 'womens-breeches' clearly indicate women's riding breeches, which are apparel items. The existing path /clothing/womens/breeches is a perfect match for this product category.",no
/collections/horse-riding-apparel/mens-breeches,/clothing/mens/breeches,exact-match,high,Already in redirects CSV,no
/collections/horse-riding-apparel/belts,/clothing/accessories/belts,exact-match,high,Already in redirects CSV,no
/collections/horse-riding-apparel/mens-tops,/clothing/mens/tops,ai-suggested,high,"Horse riding apparel for men's tops clearly belongs in the clothing category. While /clothing/mens and /clothing/tops exist separately, mens tops specifically should be nested under mens for better categorization consistency with the existing structure (mens/breeches, mens/casual, etc.)",yes
/collections/horse-riding-apparel/horse-riding-and-casual-shirts,/clothing/tops/shirts,ai-suggested,high,Horse riding and casual shirts are apparel items that fit under clothing/tops/shirts. The existing category structure already has /clothing/tops/shirts which encompasses both riding and casual shirts worn by riders.,no
/collections/horse-riding-apparel/polo-tops,/clothing/tops/polo-shirts,ai-suggested,high,Polo tops are equestrian apparel items worn by riders. The existing path /clothing/tops/polo-shirts is a perfect match for this product category.,no
/collections/horse-riding-apparel/casual-jackets,/clothing/outerwear/jackets,ai-suggested,high,"Horse riding apparel casual jackets are rider clothing items. The existing /clothing/outerwear/jackets path covers casual jackets worn by riders, as opposed to show-specific jackets which have their own category at /clothing/outerwear/show-jackets",no
/collections/horse-riding-apparel/socks,/clothing/accessories/socks,exact-match,high,Already in redirects CSV,no
/collections/horse-riding-apparel/show-jackets,/clothing/kids/show-jackets,exact-match,high,Already in redirects CSV,no
/collections/horse-riding-apparel/mens,/clothing/mens,exact-match,high,Already in redirects CSV,no
/collections/horse-riding-apparel/womens,/clothing/womens,exact-match,high,Already in redirects CSV,no
/collections/horse-riding-apparel/stock,/rider/accessories/stocks,exact-match,high,Already in redirects CSV,no
/collections/horse-riding-apparel/riding-tights,/clothing/womens/tights,exact-match,high,Already in redirects CSV,no
/collections/horse-riding-apparel/women,/clothing/womens,ai-suggested,high,Horse riding apparel for women belongs in the clothing category. The existing /clothing/womens path is the perfect match for women's equestrian apparel.,no
/collections/horse-riding-apparel/horse-riding-jeans,/clothing/mens/jeans,ai-suggested,high,Horse riding jeans are equestrian apparel worn by riders. The existing /clothing/mens/jeans path is appropriate as riding jeans are a specialized type of jeans for equestrian activities. There's also /clothing/womens/jeans for women's riding jeans.,no
/collections/westerns-saddles-usa/jumping,/horse/saddles/jumping,exact-match,high,Already in redirects CSV,no
/collections/westerns-saddles-usa/dressage,/horse/saddles/dressage,exact-match,high,Already in redirects CSV,no
/collections/strapping/grackle-bridles,/horse/tack/bridles,ai-suggested,high,Grackle bridles are a type of bridle (distinguished by their figure-8 or crossed noseband). The existing /horse/tack/bridles category is the appropriate match for all bridle types including grackle bridles.,no
/collections/strapping/equipe-bridles,/horse/tack/bridles,ai-suggested,high,"Equipe is a brand that makes bridles. The 'strapping' segment refers to leather strapping/tack, and 'equipe-bridles' clearly indicates this is a bridle product. The existing /horse/tack/bridles path is the perfect match for this product category.",no
/collections/strapping/bridle,/horse/tack/bridles,exact-match,high,Already in redirects CSV,no
/collections/strapping/browbands-for-horses,/horse/tack/browbands,ai-suggested,high,"Browbands are horse tack components that attach to bridles. While bridles exist under /horse/tack/bridles, browbands deserve their own subcategory as a distinct tack accessory. The 'strapping' segment refers to decorative leather work, which aligns with tack equipment.",yes
/collections/strapping/bridles,/horse/tack/bridles,exact-match,high,Already in redirects CSV,no
/collections/strapping/dressage-bridles,/horse/tack/bridles,ai-suggested,high,"Dressage bridles are a type of bridle, which is horse tack. The existing /horse/tack/bridles path is the appropriate category for all bridle types including dressage-specific ones. 'Strapping' appears to be a brand or collection name rather than a product category.",no
/collections/strapping/western-breastplates,/horse/tack/breastplates,ai-suggested,high,"Western breastplates are a type of breastplate tack. The existing /horse/tack/breastplates category is the perfect match, as it would encompass both English and Western style breastplates.",no
/collections/strapping/breastplates-martingales,/horse/tack/breastplates-martingales,ai-suggested,high,"Breastplates and martingales are closely related tack items that are often sold together. While /horse/tack/breastplates and /horse/tack/martingales exist separately, the old URL explicitly combines them, suggesting a combined category would better serve users looking for either item type.",yes
/collections/strapping/showjumping-bridles,/horse/tack/bridles,ai-suggested,high,"Showjumping bridles are a type of bridle, which is tack equipment for horses. The existing /horse/tack/bridles category is the perfect match for this product type. The 'strapping' segment likely refers to bridle straps/leather work, and 'showjumping-bridles' are specialized bridles used in jumping disciplines.",no
/collections/strapping/reins,/horse/tack/reins,exact-match,high,Already in redirects CSV,no
/collections/strapping/showjumping-girths,/horse/tack/girths,ai-suggested,high,"Showjumping girths are a type of girth (tack item that secures the saddle). The existing /horse/tack/girths category is the perfect match, as it covers all girth types including those used for showjumping.",no
/collections/strapping/all-purpose-girths,/horse/tack/girths,ai-suggested,high,"All-purpose girths are tack equipment used to secure saddles. The existing /horse/tack/girths category is the perfect match for this product type, as girths (including all-purpose variants) are fundamental tack items.",no
/collections/black-friday-deals-for-equestrians/jumping,/horse/boots/jumping,exact-match,high,Already in redirects CSV,no
/collections/black-friday-deals-for-equestrians/bit,/horse/bits,ai-suggested,high,"The segment 'bit' clearly refers to horse bits, which is tack equipment used in the horse's mouth. The existing category '/horse/bits' is a perfect match for this product type.",no