Top queries,Clicks,Impressions,CTR,Position
zilco hamilton rug,1,7,14.29%,6.14
thermomaster,1,6,16.67%,1.83
canvas combo,1,3,33.33%,9
foal rugs,0,26,0%,9.42
winter horse rugs,0,19,0%,39.63
foal rug,0,14,0%,10.5
horse winter rugs,0,10,0%,43
thermo master horse rug,0,7,0%,6.86
winter horse rugs for sale,0,7,0%,45.71
winter horse rug sale,0,7,0%,47.71
kozy horse rugs,0,6,0%,20.33
winter rugs for horses,0,6,0%,55.17
kozy horse rugs australia,0,5,0%,27.2
horse rugs for winter​,0,4,0%,27.75
horse rugs for winter,0,4,0%,35.25
winter horse rug,0,3,0%,39.67
rugs for winter,0,3,0%,60
heavyweight horse rug,0,2,0%,6
horse fleece blanket,0,2,0%,12.5
townsend rug,0,2,0%,14
winter horse rugs australia,0,2,0%,29.5
ironbark equestrian,0,2,0%,39
600 3,0,2,0%,41.5
polar fleece horse rugs,0,2,0%,44
winter horse rugs on sale,0,2,0%,44
horse rug pink,0,2,0%,57.5
horse winter rug sale,0,2,0%,66.5
equestrian wool arena,0,1,0%,5
winter combo horse rugs,0,1,0%,6
cow print horse rug,0,1,0%,7
cow print horse,0,1,0%,9
vancouver rug,0,1,0%,10
1200d 100g turnout rug,0,1,0%,11
1200 denier horse rugs,0,1,0%,13
merino wool rug,0,1,0%,13
heavy weight rug,0,1,0%,14
1200d turnout rug,0,1,0%,16
4'9 pony rug,0,1,0%,26
zilco rugs,0,1,0%,28
1200d horse rug,0,1,0%,35
winter horse rug clearance,0,1,0%,40
winter rugs,0,1,0%,44
winter rug,0,1,0%,51