Top Level,Subcategory,Sub-subcategory,Complete URL
clothing,womens,,/clothing/womens
clothing,womens,breeches,/clothing/womens/breeches
clothing,womens,tights,/clothing/womens/tights
clothing,womens,tops,/clothing/womens/tops
clothing,womens,casual,/clothing/womens/casual
clothing,womens,jeans,/clothing/womens/jeans
clothing,womens,leggings,/clothing/womens/leggings
clothing,womens,jackets,/clothing/womens/jackets
clothing,mens,,/clothing/mens
clothing,mens,jeans,/clothing/mens/jeans
clothing,mens,show-shirts,/clothing/mens/show-shirts
clothing,mens,breeches,/clothing/mens/breeches
clothing,mens,trousers,/clothing/mens/trousers
clothing,mens,casual,/clothing/mens/casual
clothing,kids,,/clothing/kids
clothing,kids,footwear,/clothing/kids/footwear
clothing,kids,breeches,/clothing/kids/breeches
clothing,kids,show-jackets,/clothing/kids/show-jackets
clothing,kids,tops,/clothing/kids/tops
clothing,kids,show-shirts,/clothing/kids/show-shirts
clothing,kids,casual,/clothing/kids/casual
clothing,kids,jackets,/clothing/kids/jackets
clothing,accessories,,/clothing/accessories
clothing,accessories,hats,/clothing/accessories/hats
clothing,accessories,belts,/clothing/accessories/belts
clothing,accessories,socks,/clothing/accessories/socks
clothing,accessories,caps,/clothing/accessories/caps
clothing,accessories,scarves,/clothing/accessories/scarves
clothing,accessories,ties,/clothing/accessories/ties
clothing,footwear,,/clothing/footwear
clothing,footwear,boots,/clothing/footwear/boots
clothing,footwear,western,/clothing/footwear/western
clothing,footwear,riding-boots,/clothing/footwear/riding-boots
clothing,footwear,casual,/clothing/footwear/casual
clothing,footwear,mens,/clothing/footwear/mens
clothing,footwear,womens,/clothing/footwear/womens
clothing,footwear,tall-boots,/clothing/footwear/tall-boots
clothing,footwear,ankle-boots,/clothing/footwear/ankle-boots
clothing,footwear,accessories,/clothing/footwear/accessories
clothing,footwear,ugg-boots,/clothing/footwear/ugg-boots
clothing,tops,,/clothing/tops
clothing,tops,shirts,/clothing/tops/shirts
clothing,tops,show-shirts,/clothing/tops/show-shirts
clothing,tops,tshirts,/clothing/tops/tshirts
clothing,tops,sweaters,/clothing/tops/sweaters
clothing,tops,knitwear,/clothing/tops/knitwear
clothing,tops,polo-shirts,/clothing/tops/polo-shirts
clothing,tops,vests,/clothing/tops/vests
clothing,tops,tanks,/clothing/tops/tanks
clothing,tops,long-sleeve,/clothing/tops/long-sleeve
clothing,outerwear,,/clothing/outerwear
clothing,outerwear,jackets,/clothing/outerwear/jackets
clothing,outerwear,show-jackets,/clothing/outerwear/show-jackets
clothing,outerwear,oilskins,/clothing/outerwear/oilskins
clothing,outerwear,riding-jackets,/clothing/outerwear/riding-jackets
clothing,sleepwear,,/clothing/sleepwear
clothing,activewear,,/clothing/activewear
clothing,bottoms,shorts,/clothing/bottoms/shorts
horse,boots,,/horse/boots
horse,boots,bell-boots,/horse/boots/bell-boots
horse,boots,tendon-boots,/horse/boots/tendon-boots
horse,boots,ice-boots,/horse/boots/ice-boots
horse,boots,bandages,/horse/boots/bandages
horse,boots,magnetic,/horse/boots/magnetic
horse,boots,therapy,/horse/boots/therapy
horse,boots,fetlock,/horse/boots/fetlock
horse,boots,overreach,/horse/boots/overreach
horse,boots,accessories,/horse/boots/accessories
horse,boots,exercise,/horse/boots/exercise
horse,boots,eventing,/horse/boots/eventing
horse,boots,float,/horse/boots/float
horse,boots,travel,/horse/boots/travel
horse,boots,polos-wraps,/horse/boots/polos-wraps
horse,boots,stable,/horse/boots/stable
horse,boots,jumping,/horse/boots/jumping
horse,boots,fly-boots,/horse/boots/fly-boots
horse,bits,,/horse/bits
horse,bits,accessories,/horse/bits/accessories
horse,grooming,,/horse/grooming
horse,grooming,show-prep,/horse/grooming/show-prep
horse,grooming,brushes,/horse/grooming/brushes
horse,grooming,coat-care,/horse/grooming/coat-care
horse,grooming,products,/horse/grooming/products
horse,grooming,bags,/horse/grooming/bags
horse,grooming,plaiting,/horse/grooming/plaiting
horse,grooming,shampoo,/horse/grooming/shampoo
horse,supplements,,/horse/supplements
horse,pads,,/horse/pads
horse,pads,wither-pads,/horse/pads/wither-pads
horse,pads,western,/horse/pads/western
horse,pads,gel-pads,/horse/pads/gel-pads
horse,pads,dressage,/horse/pads/dressage
horse,pads,half-pads,/horse/pads/half-pads
horse,pads,wither-relief,/horse/pads/wither-relief
horse,pads,jumping,/horse/pads/jumping
horse,pads,all-purpose,/horse/pads/all-purpose
horse,halters,,/horse/halters
horse,halters,leads,/horse/halters/leads
horse,halters,lead-ropes,/horse/halters/lead-ropes
horse,racing,,/horse/racing
horse,racing,harness,/horse/racing/harness
horse,veterinary,,/horse/veterinary
horse,veterinary,first-aid,/horse/veterinary/first-aid
horse,stable,,/horse/stable
horse,stable,leather-care,/horse/stable/leather-care
horse,stable,farrier,/horse/stable/farrier
horse,stable,treats,/horse/stable/treats
horse,stable,diy,/horse/stable/diy
horse,stable,clippers,/horse/stable/clippers
horse,stable,fly-control,/horse/stable/fly-control
horse,stable,feed-storage,/horse/stable/feed-storage
horse,stable,instruments,/horse/stable/instruments
horse,stable,wormers,/horse/stable/wormers
horse,stable,feeding,/horse/stable/feeding
horse,stable,paddock,/horse/stable/paddock
horse,stable,jumps,/horse/stable/jumps
horse,stable,hay-nets,/horse/stable/hay-nets
horse,stable,feed,/horse/stable/feed
horse,stable,insect-repellent,/horse/stable/insect-repellent
horse,stable,fly-repellent,/horse/stable/fly-repellent
horse,stable,rug-racks,/horse/stable/rug-racks
horse,stable,wrap-bags,/horse/stable/wrap-bags
horse,stable,storage,/horse/stable/storage
horse,stable,bags,/horse/stable/bags
horse,stable,hoof-care,/horse/stable/hoof-care
horse,stable,tail-bags,/horse/stable/tail-bags
horse,training,,/horse/training
horse,training,lungeing,/horse/training/lungeing
horse,training,lunge-equipment,/horse/training/lunge-equipment
horse,training,ropes,/horse/training/ropes
horse,stock-western,,/horse/stock-western
horse,rugs,,/horse/rugs
horse,rugs,summer,/horse/rugs/summer
horse,rugs,winter,/horse/rugs/winter
horse,rugs,accessories,/horse/rugs/accessories
horse,rugs,hoods,/horse/rugs/hoods
horse,rugs,tail-protectors,/horse/rugs/tail-protectors
horse,rugs,cotton,/horse/rugs/cotton
horse,rugs,mesh,/horse/rugs/mesh
horse,rugs,flag,/horse/rugs/flag
horse,rugs,travel,/horse/rugs/travel
horse,rugs,rain,/horse/rugs/rain
horse,rugs,riding,/horse/rugs/riding
horse,tack,,/horse/tack
horse,tack,girths,/horse/tack/girths
horse,tack,stirrup-irons,/horse/tack/stirrup-irons
horse,tack,number-holders,/horse/tack/number-holders
horse,tack,stirrup-leathers,/horse/tack/stirrup-leathers
horse,tack,bridles,/horse/tack/bridles
horse,tack,reins,/horse/tack/reins
horse,tack,nosebands,/horse/tack/nosebands
horse,tack,breastplates,/horse/tack/breastplates
horse,tack,martingales,/horse/tack/martingales
horse,tack,stirrups,/horse/tack/stirrups
horse,tack,accessories,/horse/tack/accessories
horse,saddles,,/horse/saddles
horse,saddles,dressage,/horse/saddles/dressage
horse,saddles,accessories,/horse/saddles/accessories
horse,saddles,all-purpose,/horse/saddles/all-purpose
horse,saddles,jumping,/horse/saddles/jumping
horse,saddles,stock-western,/horse/saddles/stock-western
horse,bonnets,,/horse/bonnets
horse,bonnets,fly-masks,/horse/bonnets/fly-masks
rider,helmets,,/rider/helmets
rider,helmets,accessories,/rider/helmets/accessories
rider,giftware,,/rider/giftware
rider,jewellery,,/rider/jewellery
rider,jewellery,bracelets,/rider/jewellery/bracelets
rider,jewellery,necklaces,/rider/jewellery/necklaces
rider,jewellery,earrings,/rider/jewellery/earrings
rider,jewellery,pendants,/rider/jewellery/pendants
rider,jewellery,rings,/rider/jewellery/rings
rider,jewellery,lockets,/rider/jewellery/lockets
rider,jewellery,charms,/rider/jewellery/charms
rider,jewellery,cuffs,/rider/jewellery/cuffs
rider,gloves,,/rider/gloves
rider,eyewear,,/rider/eyewear
rider,spurs,,/rider/spurs
rider,spurs,accessories,/rider/spurs/accessories
rider,luggage,,/rider/luggage
rider,luggage,wallets,/rider/luggage/wallets
rider,luggage,bags,/rider/luggage/bags
rider,luggage,handbags,/rider/luggage/handbags
rider,accessories,,/rider/accessories
rider,accessories,hair,/rider/accessories/hair
rider,accessories,keychains,/rider/accessories/keychains
rider,accessories,studs,/rider/accessories/studs
rider,accessories,hatbands,/rider/accessories/hatbands
rider,accessories,hats,/rider/accessories/hats
rider,accessories,whips,/rider/accessories/whips
rider,accessories,stocks,/rider/accessories/stocks
rider,accessories,headbands,/rider/accessories/headbands
rider,whips,,/rider/whips
rider,chaps,,/rider/chaps
rider,body-protectors,,/rider/body-protectors
pet,dog,,/pet/dog
pet,dog,collars-and-leads,/pet/dog/collars-and-leads
pet,dog,toys,/pet/dog/toys
pet,dog,treats,/pet/dog/treats
pet,dog,grooming,/pet/dog/grooming
pet,dog,accessories,/pet/dog/accessories
pet,dog,skin-care,/pet/dog/skin-care
pet,dog,walking,/pet/dog/walking
pet,dog,veterinary,/pet/dog/veterinary
pet,dog,coats-and-rugs,/pet/dog/coats-and-rugs
pet,dog,kennels,/pet/dog/kennels
pet,dog,bedding,/pet/dog/bedding
pet,dog,food,/pet/dog/food
pet,dog,supplements,/pet/dog/supplements
pet,cat,,/pet/cat
pet,cat,toys,/pet/cat/toys
pet,cat,accessories,/pet/cat/accessories
pet,cat,food,/pet/cat/food
pet,cat,litter,/pet/cat/litter
pet,cat,skin-care,/pet/cat/skin-care
pet,bird,,/pet/bird
pet,bird,toys,/pet/bird/toys
pet,bird,cages,/pet/bird/cages
pet,bird,food,/pet/bird/food
pet,bird,care,/pet/bird/care
pet,small-animal,,/pet/small-animal
pet,poultry,,/pet/poultry
pet,supplements,,/pet/supplements
pet,supplements,probiotics,/pet/supplements/probiotics
pet,pony,,/pet/pony
accessories,collectibles,,/accessories/collectibles
accessories,collectibles,resin,/accessories/collectibles/resin
accessories,brands,horseware,/accessories/brands/horseware
accessories,books,,/accessories/books
accessories,books,bookmarks,/accessories/books/bookmarks
accessories,gifts,,/accessories/gifts
accessories,gift-cards,,/accessories/gift-cards
accessories,tools,,/accessories/tools
